uid,complex_id,deal,price,rent,dong,floor,excl_area,supply_area,desc,broker,posted,first_seen,last_seen,price_changed,prev_price,active
41657822,godeok_central_ipark,sale,190000,,501,중,59.97,82.26,"25,막힘 없는 숲 뷰,고일초,숲도서관 근접,관리잘 된 집",고일공인중개사사무소,2026-08-31,2026-09-29,2026-09-29,,,1
41659562,godeok_central_ipark,sale,220000,,506,중,84.91,115.36,"세안고매매, 에풀 정남향, 세대창고, 커뮤니티시설우수",고덕굿모닝(437-6009)공인중개사사무소,2026-08-31,2026-09-29,2026-09-29,,,1
41659569,godeok_central_ipark,sale,220000,,518,저,84.97,115.81,"추천 입주매매, 개방감굿,따뜻한채광굿, 시스템에어컨, 세대창고",고덕굿모닝(437-6009)공인중개사사무소,2026-08-31,2026-09-29,2026-09-29,,,1
41659578,godeok_central_ipark,sale,220000,,507,고,84.91,115.36,"시스템에어컨, 정남향 로얄동층 채광좋은집, 세대지하창고, 우수커뮤",고덕굿모닝(437-6009)공인중개사사무소,2026-08-31,2026-09-29,2026-09-29,,,1
41659993,godeok_central_ipark,sale,220000,,518,저,84.97,115.81,입주가능 트인뷰 풀에어컨 풀옵션 엘베2,고덕신흥공인중개사사무소,2026-08-31,2026-09-29,2026-09-29,,,1
41668285,godeok_central_ipark,sale,185000,,516,중,59.97,82.26,"25p 로얄동층 채광,전망좋은 예쁜집",고덕리더스공인중개사사무소,2026-09-01,2026-09-29,2026-09-29,,,1
41713558,godeok_central_ipark,jeonse,95000,,505,고,59.97,82.26,"채광A급 정남향,시,에,역세권 ,다양한 커뮤니티,단독",센트럴부자공인중개사사무소,2026-09-01,2026-09-29,2026-09-29,,,1
41727271,godeok_central_ipark,sale,190000,,505,중,59.97,82.26,"9 호선라인,학군우수,입주",고덕종점그라시움공인중개사사무소,2026-09-01,2026-09-29,2026-09-29,,,1
41713557,godeok_central_ipark,sale,179000,,502,저,59.99,82.70,"트인뷰,추후 9호선 역세권,에어컨 풀,중문 ,강동숲 도서관 근접.",센트럴부자공인중개사사무소,2026-09-02,2026-09-29,2026-09-29,,,1
41727265,godeok_central_ipark,wolse,70000,80,505,중,59.97,82.26,"정남향,상일역7분,학군굿",고덕종점그라시움공인중개사사무소,2026-09-02,2026-09-29,2026-09-29,,,1
41763746,godeok_central_ipark,wolse,10000,300,514,중,59.97,82.26,금터 25A 소액 보증금 귀한 월세 시원하게 열린 조망 선호동 선호평면,고덕그라시움금터부동산공인중개사사무소,2026-09-02,2026-09-29,2026-09-29,,,1
41763741,godeok_central_ipark,jeonse,98000,,514,저,84.97,115.81,금터. 34B 초품아 커뮤니티 이용 편리 채광 좋고 위치 좋아요,고덕그라시움금터부동산공인중개사사무소,2026-09-03,2026-09-29,2026-09-29,,,1
41775477,godeok_central_ipark,sale,210000,,506,저,84.91,115.36,"입주일협의, 정남향 선호평형, 세대지하창고, 우수커뮤",고덕굿모닝(437-6009)공인중개사사무소,2026-09-03,2026-09-29,2026-09-29,,,1
41786202,godeok_central_ipark,wolse,60000,200,514,저,84.97,115.81,풀에어컨 깔끔하고 좋은집입니다,대일공인중개사사무소,2026-09-03,2026-09-29,2026-09-29,,,1
41794473,godeok_central_ipark,jeonse,85000,,505,중,59.97,82.26,"초등학교 5분 이내,상일동 역 7분,뷰 좋음",오렌지공인중개사사무소,2026-09-04,2026-09-29,2026-09-29,,,1
41916982,godeok_central_ipark,sale,185000,,519,저,59.91,82.42,"커뮤니티최고시설,학세권,역세권아파트 뷰최고입니다",경성공인중개사사무소,2026-09-07,2026-09-29,2026-09-29,,,1
41916983,godeok_central_ipark,sale,187000,,505,중,59.97,82.26,"정상입주 학세권,역세권 커뮤니티최고시설",경성공인중개사사무소,2026-09-07,2026-09-29,2026-09-29,,,1
41916991,godeok_central_ipark,wolse,65000,80,505,중,59.97,82.26,귀한반전세 정남향 로얄동층 시스템에어컨,고덕선경(428-3939)공인중개사사무소,2026-09-07,2026-09-29,2026-09-29,,,1
41918522,godeok_central_ipark,sale,200000,,507,저,84.91,115.36,"숲세권뷰,역세권,우수한 커뮤니티,세안고",센트럴부자공인중개사사무소,2026-09-07,2026-09-29,2026-09-29,,,1
41918527,godeok_central_ipark,sale,190000,,502,저,59.97,82.26,",시,에,계절 창고 우수한 커뮤니트 세안고",센트럴부자공인중개사사무소,2026-09-07,2026-09-29,2026-09-29,,,1
41918545,godeok_central_ipark,sale,220000,,506,중,84.91,115.36,"정남향,에어컨 풀, 계절 창고,다양한 커뮤니티,채광A급,세안고",센트럴부자공인중개사사무소,2026-09-07,2026-09-29,2026-09-29,,,1
41918546,godeok_central_ipark,sale,190000,,505,중,59.97,82.26,"정남향,에어컨 ,김냉.역세권 입주협의",센트럴부자공인중개사사무소,2026-09-07,2026-09-29,2026-09-29,,,1
41925006,godeok_central_ipark,sale,220000,,506,중,84.91,115.36,대단지역세권 명문학군 풀옵션 녹지공간많고 유해시설없는 고덕지구 세안고,고덕거성공인중개사사무소,2026-09-07,2026-09-29,2026-09-29,,,1
41923798,godeok_central_ipark,wolse,65000,120,505,10,59.97,82.26,전자계약 공동환영 올수리 초등학교 근접 지하철 가까운동,가온누리부동산중개법인주식회사,2026-09-08,2026-09-29,2026-09-29,,,1
41969006,godeok_central_ipark,wolse,40000,200,501,고,59.97,82.26,단독 귀한 숲뷰 시스템에어컨 김냉 내부상태최상,고덕무지개공인중개사사무소,2026-09-08,2026-09-29,2026-09-29,,,1
41969028,godeok_central_ipark,sale,185000,,509,저,74.99,102.64,입주 명문중고교학군 구립숲속도서관 근거리 좋은집입니다,대일공인중개사사무소,2026-09-08,2026-09-29,2026-09-29,,,1
41969029,godeok_central_ipark,sale,185000,,519,저,59.91,82.42,입주 고일초 수영장 근거리 트인뷰 입니다,대일공인중개사사무소,2026-09-08,2026-09-29,2026-09-29,,,1
41988581,godeok_central_ipark,sale,220000,,518,저,84.97,115.81,"전면이 트인뷰 ,초등교 근접,에어컨 풀, 안방붙박이장,중문,입주정상",센트럴부자공인중개사사무소,2026-09-09,2026-09-29,2026-09-29,,,1
41990778,godeok_central_ipark,jeonse,100000,,514,저,84.97,115.81,"34,막힘 없는 정원 뷰,고일초,숲도서관 근접,관리잘 된 집",고일공인중개사사무소,2026-09-09,2026-09-29,2026-09-29,,,1
41990779,godeok_central_ipark,jeonse,100000,,509,저,84.97,115.81,"34,막힘 없는 숲 뷰,고일초,숲도서관 근접,관리잘 된 집",고일공인중개사사무소,2026-09-09,2026-09-29,2026-09-29,,,1
41995256,godeok_central_ipark,jeonse,95000,,514,저,84.91,115.36,엘베2대 풀에어컨 트인뷰 장기거주,고덕자이(441-0109)공인중개사사무소,2026-09-09,2026-09-29,2026-09-29,,,1
42021708,godeok_central_ipark,sale,185000,,519,저,59.91,82.42,개방감좋은 환한뷰. 초등바로.전철역 도보권.우수커뮤니티,키움공인중개사사무소,2026-09-09,2026-09-29,2026-09-29,,,1
42005630,godeok_central_ipark,jeonse,105000,,509,저,84.97,115.81,풀옵션 구립숲속도서관명문중고교근거리 깔끔 좋은집 입니다,대일공인중개사사무소,2026-09-10,2026-09-29,2026-09-29,,,1
42026418,godeok_central_ipark,sale,220000,,518,저,84.97,115.81,34p 강추 로얄동 선호하는 타입 밝고환한 소나무뷰 풀옵션,고덕리더스공인중개사사무소,2026-09-10,2026-09-29,2026-09-29,,,1
42026419,godeok_central_ipark,sale,190000,,502,저,59.97,82.26,25p 풀옵션 정남향 트인뷰 높은 세안고 늦은입주,고덕리더스공인중개사사무소,2026-09-10,2026-09-29,2026-09-29,,,1
42026421,godeok_central_ipark,sale,220000,,506,중,84.91,115.36,34p 강추 로얄동 층 정남향 풀옵션 세안고,고덕리더스공인중개사사무소,2026-09-10,2026-09-29,2026-09-29,,,1
42028616,godeok_central_ipark,sale,190000,,502,저,59.97,82.26,"시스템에어컨 올확장,상일동역이동편리 커뮤니티시설우수 세대지하창고",고덕굿모닝(437-6009)공인중개사사무소,2026-09-10,2026-09-29,2026-09-29,,,1
42033909,godeok_central_ipark,jeonse,105000,,514,저,84.97,115.81,풀에어컨 수납우수타입 반월세가능 11월입주,고덕무지개공인중개사사무소,2026-09-10,2026-09-29,2026-09-29,,,1
42033911,godeok_central_ipark,jeonse,85000,,505,중,59.97,82.26,무융자 앞동선호 채광우수 반월세가능,고덕무지개공인중개사사무소,2026-09-10,2026-09-29,2026-09-29,,,1
42043116,godeok_central_ipark,jeonse,85000,,505,중,59.97,82.26,,고일공인중개사사무소,2026-09-10,2026-09-29,2026-09-29,,,1
42043118,godeok_central_ipark,wolse,65000,100,505,중,59.97,82.26,,고일공인중개사사무소,2026-09-10,2026-09-29,2026-09-29,,,1
42053399,godeok_central_ipark,sale,190000,,502,고,59.99,82.70,"입주매매,올확장,세대지하창고,엘베2대 생활편리",단지내이레(443-6606)공인중개사사무소,2026-09-10,2026-09-29,2026-09-29,,,1
42072377,godeok_central_ipark,sale,220000,,513,저,84.91,115.36,"입주매매,올확장,풀시스템에어컨,단지내 안쪽으로 조용한 동,학교마트근접",단지내이레(443-6606)공인중개사사무소,2026-09-11,2026-09-29,2026-09-29,,,1
42078819,godeok_central_ipark,sale,190000,,502,저,59.97,82.26,"남향,채광굿,판상형구조,세안고매매",고덕현대공인중개사사무소,2026-09-11,2026-09-29,2026-09-29,,,1
42078847,godeok_central_ipark,sale,185000,,519,저,59.91,82.42,"입주, 앞 트인 전망, 선호하는 구조, 편의 시설 굿",고덕현대공인중개사사무소,2026-09-11,2026-09-29,2026-09-29,,,1
42082083,godeok_central_ipark,jeonse,95000,,514,저,84.91,115.36,"정원초록뷰,에어컨풀,학군우수,안정감 있는 공간",고덕종점그라시움공인중개사사무소,2026-09-11,2026-09-29,2026-09-29,,,1
42084334,godeok_central_ipark,wolse,40000,200,501,고,59.97,82.26,초록 숲 전망 최상. 시스템 에어컨. 신혼 추천.,(TOP)선사현대공인중개사사무소,2026-09-11,2026-09-29,2026-09-29,,,1
42088109,godeok_central_ipark,jeonse,85000,,505,10,59.97,82.26,추천전세 채광좋은 정남향 지하철역과 가까운동,강동위드공인중개사사무소,2026-09-11,2026-09-29,2026-09-29,,,1
42092340,godeok_central_ipark,sale,220000,,506,중,84.91,115.36,세안고 에5 중문 김치냉장고 조명공사 실링팬 인테리어필름 보면 반하죠,고덕강남부동산 공인중개사 사무소,2026-09-11,2026-09-29,2026-09-29,,,1
42091884,godeok_central_ipark,wolse,50000,220,514,저,84.97,115.81,"금터 34B 침실3 욕실2 시에5 눈부신 채광 전세10,5억可",고덕그라시움금터부동산공인중개사사무소,2026-09-12,2026-09-29,2026-09-29,,,1
42091885,godeok_central_ipark,jeonse,105000,,514,저,84.97,115.81,금터 34B 침실3 욕실2 시에5 눈부신 채광 월세 5억220可,고덕그라시움금터부동산공인중개사사무소,2026-09-12,2026-09-29,2026-09-29,,,1
42121582,godeok_central_ipark,wolse,40000,200,501,고,59.97,82.26,빠른입주 로얄동 귀한월세 채광 조망 굿 학군우수 커뮤니티 우수,고덕시온공인중개사사무소,2026-09-12,2026-09-29,2026-09-29,,,1
42124609,godeok_central_ipark,jeonse,100000,,509,저,84.97,115.81,대단지역세권 명문학군 풀옵션 녹지공간많고 유헤시설없는 고덕지구,고덕거성공인중개사사무소,2026-09-12,2026-09-29,2026-09-29,,,1
42131370,godeok_central_ipark,sale,190000,,505,중,59.97,82.26,"정남향, 시스템에어컨, 밝은집.",단지내이레(443-6606)공인중개사사무소,2026-09-12,2026-09-29,2026-09-29,,,1
42155122,godeok_central_ipark,wolse,10000,300,514,10,59.97,82.26,,고일공인중개사사무소,2026-09-14,2026-09-29,2026-09-29,,,1
42155130,godeok_central_ipark,wolse,40000,200,501,15,59.97,82.26,,고일공인중개사사무소,2026-09-14,2026-09-29,2026-09-29,,,1
42155133,godeok_central_ipark,sale,185000,,519,저,59.91,82.42,,고일공인중개사사무소,2026-09-14,2026-09-29,2026-09-29,,,1
42157981,godeok_central_ipark,sale,190000,,505,중,59.97,82.26,정남향 단지초입지하철근접동 햇살가득밝고환한집 시스템에2,고덕강남부동산 공인중개사 사무소,2026-09-14,2026-09-29,2026-09-29,,,1
42158445,godeok_central_ipark,wolse,10000,300,514,10,59.97,82.26,금터 25A 소액 보증금 귀한 월세 시원하게 열린 조망 선호동 선호평면,고덕그라시움금터부동산공인중개사사무소,2026-09-14,2026-09-29,2026-09-29,,,1
42165221,godeok_central_ipark,sale,200000,,507,저,84.91,115.36,추천 세안고 판상형 거실공간넉넉 개별창고 9호선,고덕무지개공인중개사사무소,2026-09-14,2026-09-29,2026-09-29,,,1
42165223,godeok_central_ipark,jeonse,85000,,501,중,59.97,82.26,채광 트인뷰 날짜협의가능 시스템에어컨 반월세가능,고덕무지개공인중개사사무소,2026-09-14,2026-09-29,2026-09-29,,,1
42178571,godeok_central_ipark,sale,190000,,505,중,59.97,82.26,입주 밝고 일조량풍부 초입동 좋은집입니다,대일공인중개사사무소,2026-09-14,2026-09-29,2026-09-29,,,1
42186199,godeok_central_ipark,wolse,50000,220,514,7,84.97,115.81,"금터 34B 침실3 욕실2 시에5 눈부신 채광 전세10,5억可",고덕그라시움금터부동산공인중개사사무소,2026-09-15,2026-09-29,2026-09-29,,,1
42186207,godeok_central_ipark,jeonse,105000,,514,저,84.97,115.81,금터 34B 침실3 욕실2 시에5 눈부신 채광 월세 5억220可,고덕그라시움금터부동산공인중개사사무소,2026-09-15,2026-09-29,2026-09-29,,,1
42205223,godeok_central_ipark,sale,190000,,505,중,59.97,82.26,명문학군 상가 지하철 가까운동 커뮤니티 세종고속도로개통 9호선공사중,고덕거성공인중개사사무소,2026-09-15,2026-09-29,2026-09-29,,,1
42217051,godeok_central_ipark,sale,225000,,506,고,84.91,115.36,단독 로얄동층 채광좋은정남향 지하철가까운동 시스템에어컨,고덕스카이공인중개사,2026-09-15,2026-09-29,2026-09-29,,,1
42218323,godeok_central_ipark,jeonse,100000,,509,5,84.97,115.81,"뛰어라. 풀에어컨. 중문,식세기,붙박이장,트인뷰",뛰어라공인중개사사무소,2026-09-15,2026-09-29,2026-09-29,,,1
42218325,godeok_central_ipark,jeonse,85000,,505,10,59.97,82.26,뛰어라. 귀한 25 전세. 풀옵션. 입주협의,뛰어라공인중개사사무소,2026-09-15,2026-09-29,2026-09-29,,,1
42218327,godeok_central_ipark,jeonse,95000,,514,저,84.91,115.36,뛰어라. 풀옵션. 풀에어컨. 12월 협의. 장기거주가능,뛰어라공인중개사사무소,2026-09-15,2026-09-29,2026-09-29,,,1
42222022,godeok_central_ipark,sale,190000,,505,중,59.97,82.26,입주 정남향 학군 우수 커뮤니티 우수 채광 조망 굿,고덕시온공인중개사사무소,2026-09-15,2026-09-29,2026-09-29,,,1
42223437,godeok_central_ipark,wolse,50000,220,514,저,84.97,115.81,보증금조정가 채광우수 우수커뮤너티 풀에어컨 수납우수타입,고덕무지개공인중개사사무소,2026-09-15,2026-09-29,2026-09-29,,,1
42225675,godeok_central_ipark,jeonse,95000,,505,고,59.97,82.26,금터 25A 침실3욕실2 시에2 눈부신 채광 올A급 컨디션,고덕그라시움금터부동산공인중개사사무소,2026-09-15,2026-09-29,2026-09-29,,,1
42225676,godeok_central_ipark,wolse,40000,200,501,고,59.97,82.26,금터 25A 선호동 선호타입 사계절 힐링 숲세권 조망이 대세,고덕그라시움금터부동산공인중개사사무소,2026-09-15,2026-09-29,2026-09-29,,,1
42226889,godeok_central_ipark,wolse,60000,160,514,저,84.97,115.81,"34,막힘 없는 정원 뷰,고일초,숲도서관 근접,관리잘 된 집",고일공인중개사사무소,2026-09-15,2026-09-29,2026-09-29,,,1
42238698,godeok_central_ipark,jeonse,105000,,514,저,84.97,115.81,"정 남 향,채광A급,에어컨 풀 ,중 문, 입주 협의",센트럴부자공인중개사사무소,2026-09-16,2026-09-29,2026-09-29,,,1
42242493,godeok_central_ipark,wolse,65000,80,505,중,59.97,82.26,정남향 단지초입지하철근접동 햇살가득밝고환한집 시스템에2,고덕강남부동산 공인중개사 사무소,2026-09-16,2026-09-29,2026-09-29,,,1
42242494,godeok_central_ipark,jeonse,85000,,505,중,59.97,82.26,정남향 단지초입지하철근접동 햇살가득밝고환한집 시스템에2,고덕강남부동산 공인중개사 사무소,2026-09-16,2026-09-29,2026-09-29,,,1
42242874,godeok_central_ipark,wolse,10000,300,514,10,59.97,82.26,금터 25A 소액 보증금 귀한 월세 시원하게 열린 조망 선호동 선호평면,고덕그라시움금터부동산공인중개사사무소,2026-09-16,2026-09-29,2026-09-29,,,1
42247876,godeok_central_ipark,wolse,65000,80,505,중,59.97,82.26,추천 무융자 보증금조정가능 10월입주 시스템에어컨 앞동선호,고덕무지개공인중개사사무소,2026-09-16,2026-09-29,2026-09-29,,,1
42247877,godeok_central_ipark,sale,220000,,513,저,84.91,115.36,입주추천 판상형 풀애어컨 내부상태우수 커뮤너티근접 단지내 조경뷰,고덕무지개공인중개사사무소,2026-09-16,2026-09-29,2026-09-29,,,1
42250940,godeok_central_ipark,jeonse,95000,,514,저,84.91,115.36,귀한전세 채광 조망 굿 학군우수 커뮤니티 우수 장기거주 가능,고덕시온공인중개사사무소,2026-09-16,2026-09-29,2026-09-29,,,1
42250941,godeok_central_ipark,jeonse,85000,,505,중,59.97,82.26,빠른입주 귀한 전세 채광 조망 굿 정남향 역세권 학군우수 커뮤니티 우수,고덕시온공인중개사사무소,2026-09-16,2026-09-29,2026-09-29,,,1
42257810,godeok_central_ipark,sale,185000,,519,저,59.91,82.42,"단지트인정원 남향 바로앞고일초 교통, 학군, 편의시설 좋음",반도부동산,2026-09-16,2026-09-29,2026-09-29,,,1
42260057,godeok_central_ipark,wolse,65000,80,505,중,59.97,82.26,"뛰어라. 귀한 월세, 정남향 햇살좋은집. 풀옵션.",뛰어라공인중개사사무소,2026-09-16,2026-09-29,2026-09-29,,,1
42260058,godeok_central_ipark,sale,190000,,505,중,59.97,82.26,뛰어라. 입주매매. 정남향 햇살좋은집. 풀옵션.,뛰어라공인중개사사무소,2026-09-16,2026-09-29,2026-09-29,,,1
42263471,godeok_central_ipark,sale,190000,,502,저,59.97,82.26,갭투매매 로얄동층 정남향 판상형 커뮤니티우수 세대창고,고덕스카이공인중개사,2026-09-16,2026-09-29,2026-09-29,,,1
42280474,godeok_central_ipark,sale,220000,,518,저,84.97,115.81,,뛰어라공인중개사사무소,2026-09-17,2026-09-29,2026-09-29,,,1
42280477,godeok_central_ipark,sale,190000,,502,저,59.97,82.26,"뛰어라,세안고,올확장,정남향,우수커뮤니티,세대창고",뛰어라공인중개사사무소,2026-09-17,2026-09-29,2026-09-29,,,1
42282017,godeok_central_ipark,jeonse,95000,,514,저,84.91,115.36,12 월 입주 풀옵션 장기거주가 고일초 편의시설 커뮤니티근거리입니다,대일공인중개사사무소,2026-09-17,2026-09-29,2026-09-29,,,1
42282019,godeok_central_ipark,sale,190000,,502,저,59.97,82.26,세안고 좋은집 명문중고교근거리 커뮤니티시설 수영장 근거리,대일공인중개사사무소,2026-09-17,2026-09-29,2026-09-29,,,1
42282021,godeok_central_ipark,wolse,50000,240,514,저,84.97,115.81,보증금조정가 풀에어컨 깔끔하고 밝은집 고일초 커뮤니티 근접 좋은집입니다,대일공인중개사사무소,2026-09-17,2026-09-29,2026-09-29,,,1
42282026,godeok_central_ipark,sale,185000,,509,저,74.99,102.64,입주 구립숲속도서관 명문중고교근거리 일조량풍부 입니다,대일공인중개사사무소,2026-09-17,2026-09-29,2026-09-29,,,1
42289315,godeok_central_ipark,sale,190000,,505,중,59.97,82.26,25p 로얄동 층 역세권 명문학군 정남향 밝고환한집,고덕리더스공인중개사사무소,2026-09-17,2026-09-29,2026-09-29,,,1
42296165,godeok_central_ipark,sale,220000,,506,중,84.91,115.36,세안고매매 정남향 트인뷰,고덕자이(441-0109)공인중개사사무소,2026-09-17,2026-09-29,2026-09-29,,,1
42296167,godeok_central_ipark,sale,190000,,505,중,59.97,82.26,정남향 밝은집 시스템에어컨,고덕자이(441-0109)공인중개사사무소,2026-09-17,2026-09-29,2026-09-29,,,1
42296170,godeok_central_ipark,sale,220000,,518,저,84.97,115.81,입주 풀에어컨 트인뷰 밝은집,고덕자이(441-0109)공인중개사사무소,2026-09-17,2026-09-29,2026-09-29,,,1
42309723,godeok_central_ipark,sale,190000,,505,중,59.97,82.26,전자계약 공동환영 세안고 올확장 올수리된 깔끔한집,가온누리부동산중개법인주식회사,2026-09-18,2026-09-29,2026-09-29,,,1
42318287,godeok_central_ipark,wolse,60000,200,514,저,84.97,115.81,"트인뷰,시,에5대 ,계절 창고 다양한 커뮤니티 11월30일 입주",센트럴부자공인중개사사무소,2026-09-18,2026-09-29,2026-09-29,,,1
42323497,godeok_central_ipark,jeonse,85000,,505,10,59.97,82.26,금터. 25A 선호동 선호평면 뷰 나오는 정남향 진출입편리 지하 세대창고,고덕그라시움금터부동산공인중개사사무소,2026-09-18,2026-09-29,2026-09-29,,,1
42323498,godeok_central_ipark,wolse,65000,80,505,10,59.97,82.26,금터. 25A 선호동 선호평면 뷰 나오는 정남향 진출입편리 지하 세대창고,고덕그라시움금터부동산공인중개사사무소,2026-09-18,2026-09-29,2026-09-29,,,1
42323510,godeok_central_ipark,jeonse,95000,,514,저,84.91,115.36,금터. 34A 시세대비 저럼 고일초 선호타입 식세기 인덕션 가림없는 뷰,고덕그라시움금터부동산공인중개사사무소,2026-09-18,2026-09-29,2026-09-29,,,1
42323511,godeok_central_ipark,sale,190000,,505,중,59.97,82.26,금터. 25A 선호동 선호평면 뷰 나오는 정남향 상가이용 편리 진출입편리,고덕그라시움금터부동산공인중개사사무소,2026-09-18,2026-09-29,2026-09-29,,,1
42332208,godeok_central_ipark,sale,190000,,505,중,59.97,82.26,시스템에어컨. 지하철가까운동. 세대지하창고. 우수커뮤니티시설,고덕굿모닝(437-6009)공인중개사사무소,2026-09-18,2026-09-29,2026-09-29,,,1
42332777,godeok_central_ipark,jeonse,95000,,505,고,59.97,82.26,"상일역6분,남향의 밝은공간,학군굿",고덕종점그라시움공인중개사사무소,2026-09-18,2026-09-29,2026-09-29,,,1
42341060,godeok_central_ipark,wolse,40000,200,501,15,59.97,82.26,트인뷰 상가근거리 최고커뮤니티 김냉 시.에 밝고깔끔한 좋은집입니다,대일공인중개사사무소,2026-09-18,2026-09-29,2026-09-29,,,1
42341062,godeok_central_ipark,sale,190000,,502,고,59.99,82.70,트인조망 선호하는타입 깔끔 거주편리 좋은집 입니다,대일공인중개사사무소,2026-09-18,2026-09-29,2026-09-29,,,1
42343252,godeok_central_ipark,sale,185000,,519,저,59.91,82.42,"입주매매, 고일초인접, 트인뷰",단지내이레(443-6606)공인중개사사무소,2026-09-18,2026-09-29,2026-09-29,,,1
42368752,godeok_central_ipark,sale,185000,,519,저,59.91,82.42,탁트인뷰 남향 고일초앞 입주협의 풀옵션,반석공인중개사사무소,2026-09-19,2026-09-29,2026-09-29,,,1
42368904,godeok_central_ipark,wolse,40000,200,501,15,59.97,82.26,"커뮤니티최고시설, 시스템 에어컨, 트인뷰, 융무",경성공인중개사사무소,2026-09-19,2026-09-29,2026-09-29,,,1
42368909,godeok_central_ipark,sale,220000,,506,중,84.91,115.36,"커뮤니티최고시설,풀옵션,학세권고일초5분거리,세끼고",경성공인중개사사무소,2026-09-19,2026-09-29,2026-09-29,,,1
42368935,godeok_central_ipark,wolse,60000,110,501,중,59.97,82.26,"커뮤니티최고시설, 시스템 에어컨, 학세권, 융무, 정상입주",경성공인중개사사무소,2026-09-19,2026-09-29,2026-09-29,,,1
42368936,godeok_central_ipark,jeonse,85000,,501,중,59.97,82.26,"커뮤니티최고시설, 시스템 에어컨, 학세권, 융무, 정상입주",경성공인중개사사무소,2026-09-19,2026-09-29,2026-09-29,,,1
42368938,godeok_central_ipark,sale,190000,,502,고,59.99,82.70,"커뮤니티최고시설,풀옵션,학세권고일초5분거리,정상입주",경성공인중개사사무소,2026-09-19,2026-09-29,2026-09-29,,,1
42368939,godeok_central_ipark,jeonse,95000,,505,고,59.97,82.26,"커뮤니티최고시설, 시스템 에어컨, 학세권, 정상입주",경성공인중개사사무소,2026-09-19,2026-09-29,2026-09-29,,,1
42368945,godeok_central_ipark,sale,190000,,513,중,59.97,82.26,"커뮤니티최고시설,풀옵션,학세권고일초5분거리,정상입주",경성공인중개사사무소,2026-09-19,2026-09-29,2026-09-29,,,1
42368948,godeok_central_ipark,sale,220000,,513,저,84.91,115.36,"커뮤니티최고시설,풀에어컨,학세권고일초5분거리,정상입주",경성공인중개사사무소,2026-09-19,2026-09-29,2026-09-29,,,1
42368957,godeok_central_ipark,sale,185000,,519,저,59.91,82.42,"커뮤니티최고시설,학세권고일초3분거리,정상입주",경성공인중개사사무소,2026-09-19,2026-09-29,2026-09-29,,,1
42368959,godeok_central_ipark,jeonse,95000,,514,저,84.91,115.36,"커뮤니티최고시설, 풀옵션,학세권고일초5분거리,정상입주",경성공인중개사사무소,2026-09-19,2026-09-29,2026-09-29,,,1
42386696,godeok_central_ipark,sale,220000,,518,저,84.97,115.81,확트인밝고 환한집 에5 중문 붙박이장 주방엔지니어드스톤 풀옵션 엘베2,고덕강남부동산 공인중개사 사무소,2026-09-19,2026-09-29,2026-09-29,,,1
42407527,godeok_central_ipark,jeonse,100000,,509,저,84.97,115.81,"숲뷰,숲속도서관이용굿,에5,학군굿",고덕종점그라시움공인중개사사무소,2026-09-21,2026-09-29,2026-09-29,,,1
42407529,godeok_central_ipark,jeonse,105000,,514,저,84.97,115.81,"학군굿,예쁜뷰,에어컨풀,관리굿",고덕종점그라시움공인중개사사무소,2026-09-21,2026-09-29,2026-09-29,,,1
42407530,godeok_central_ipark,wolse,50000,240,514,저,84.97,115.81,"예쁜뷰,학군굿,만족도 굿",고덕종점그라시움공인중개사사무소,2026-09-21,2026-09-29,2026-09-29,,,1
42409340,godeok_central_ipark,jeonse,85000,,505,10,59.97,82.26,명문학군 상가 지하철 가까운동 커뮤니티 세종고속도로개통 9호선공사중,고덕거성공인중개사사무소,2026-09-21,2026-09-29,2026-09-29,,,1
42409342,godeok_central_ipark,sale,200000,,507,저,84.91,115.36,대단지역세권 명문학군 풀옵션 녹지공간많고 유헤시설없는 고덕지구,고덕거성공인중개사사무소,2026-09-21,2026-09-29,2026-09-29,,,1
42410775,godeok_central_ipark,jeonse,110000,,514,7,84.97,115.81,11월30일 고정 풀에어컨 트인뷰 밝은집,고덕자이(441-0109)공인중개사사무소,2026-09-21,2026-09-29,2026-09-29,,,1
42410777,godeok_central_ipark,jeonse,85000,,505,10,59.97,82.26,정남향 판상형 생활 편리한동 시스템에어컨,고덕자이(441-0109)공인중개사사무소,2026-09-21,2026-09-29,2026-09-29,,,1
42413654,godeok_central_ipark,wolse,40000,200,501,15,59.97,82.26,"공원뷰,.시,에,계절 창고. 다양한 커뮤니티 11월말 이후",센트럴부자공인중개사사무소,2026-09-21,2026-09-29,2026-09-29,,,1
42413670,godeok_central_ipark,wolse,65000,80,505,중,59.97,82.26,"정남향,시,에,채광A급,다양한 커뮤니티,입주 협의",센트럴부자공인중개사사무소,2026-09-21,2026-09-29,2026-09-29,,,1
42415105,godeok_central_ipark,sale,185000,,519,저,59.91,82.42,추천입주 트인뷰 내부상태우수 입주협의 커뮤너티근접,고덕무지개공인중개사사무소,2026-09-21,2026-09-29,2026-09-29,,,1
42429969,godeok_central_ipark,sale,195000,,510,저,74.88,102.27,"공동환영, 에어컨 풀, 정상입주,주인거주, 내부깔끔",사가정아이파크대신공인중개사사무소,2026-09-21,2026-09-29,2026-09-29,,,1
42430282,godeok_central_ipark,sale,210000,,506,저,84.91,115.36,"추천,입주급매, 시스템에어컨4대, 정남향, 정원뷰, 커뮤니티시설우수",고덕굿모닝(437-6009)공인중개사사무소,2026-09-21,2026-09-29,2026-09-29,,,1
42432305,godeok_central_ipark,jeonse,95000,,514,저,84.91,115.36,"34, 중앙공원 트인 뷰,고일초,숲도서관 근접,옵션 잘 됨. 장기거죽가능",고일공인중개사사무소,2026-09-21,2026-09-29,2026-09-29,,,1
42433324,godeok_central_ipark,jeonse,85000,,505,10,59.97,82.26,금터. 25A 선호동 선호평면 뷰 나오는 정남향 진출입편리 지하 세대창고,고덕그라시움금터부동산공인중개사사무소,2026-09-21,2026-09-29,2026-09-29,,,1
42433326,godeok_central_ipark,wolse,65000,80,505,10,59.97,82.26,금터. 25A 선호동 선호평면 뷰 나오는 정남향 진출입편리 지하 세대창고,고덕그라시움금터부동산공인중개사사무소,2026-09-21,2026-09-29,2026-09-29,,,1
42433338,godeok_central_ipark,jeonse,95000,,514,저,84.91,115.36,금터. 34A 시세대비 저럼 고일초 선호타입 식세기 인덕션 가림없는 뷰,고덕그라시움금터부동산공인중개사사무소,2026-09-21,2026-09-29,2026-09-29,,,1
42433339,godeok_central_ipark,sale,190000,,505,중,59.97,82.26,금터. 25A 선호동 선호평면 뷰 나오는 정남향 상가이용 편리 진출입편리,고덕그라시움금터부동산공인중개사사무소,2026-09-21,2026-09-29,2026-09-29,,,1
42437744,godeok_central_ipark,sale,220000,,507,고,84.91,115.36,입주급매 로얄동층 채광좋음 풀에어컨 판상형 정남향,고덕스카이공인중개사,2026-09-21,2026-09-29,2026-09-29,,,1
42466219,godeok_central_ipark,sale,190000,,502,저,59.97,82.26,채광좋은뷰 선호타입.전철 상가 이용편리.초등 바로.우수커뮤니티,키움공인중개사사무소,2026-09-22,2026-09-29,2026-09-29,,,1
42468904,godeok_central_ipark,wolse,66000,80,515,중,59.97,82.26,무융자 시스템에어컨 중문 날짜 협의가능 앞동선호 손님만,고덕무지개공인중개사사무소,2026-09-22,2026-09-29,2026-09-29,,,1
42468914,godeok_central_ipark,wolse,40000,260,514,저,84.97,115.81,보증금조정가 풀시스템에어컨 넒은동 간격 밝고환한집,고덕선경(428-3939)공인중개사사무소,2026-09-22,2026-09-29,2026-09-29,,,1
42468915,godeok_central_ipark,jeonse,105000,,514,저,84.97,115.81,추천 풀시스템에어컨 예쁜단지조망 조용한동 명문학군지,고덕선경(428-3939)공인중개사사무소,2026-09-22,2026-09-29,2026-09-29,,,1
42470059,godeok_central_ipark,wolse,10000,300,514,10,59.97,82.26,"시스템 에어컨,계절 창고 1026일 입주일",센트럴부자공인중개사사무소,2026-09-22,2026-09-29,2026-09-29,,,1
42470060,godeok_central_ipark,jeonse,100000,,509,5,84.97,115.81,,센트럴부자공인중개사사무소,2026-09-22,2026-09-29,2026-09-29,,,1
42470062,godeok_central_ipark,jeonse,85000,,505,10,59.97,82.26,,센트럴부자공인중개사사무소,2026-09-22,2026-09-29,2026-09-29,,,1
42470066,godeok_central_ipark,sale,185000,,519,저,59.91,82.42,"트인 정원뷰, 역세권 ,다양한 커뮤니티 , 늦은입주",센트럴부자공인중개사사무소,2026-09-22,2026-09-29,2026-09-29,,,1
42470067,godeok_central_ipark,jeonse,95000,,514,저,84.91,115.36,"정원뷰,계절 창고 편의시설 시,에,장기거주 가능",센트럴부자공인중개사사무소,2026-09-22,2026-09-29,2026-09-29,,,1
42474045,godeok_central_ipark,jeonse,95000,,514,저,84.91,115.36,대단지역세권 명문학군 풀옵션 녹지공간많고 유해시설없는 12월입주,고덕거성공인중개사사무소,2026-09-22,2026-09-29,2026-09-29,,,1
42479451,godeok_central_ipark,sale,220000,,518,저,84.97,115.81,"입주매매,올확장,풀시스템에어컨,확트인뷰,로얄동층",단지내이레(443-6606)공인중개사사무소,2026-09-22,2026-09-29,2026-09-29,,,1
42496214,godeok_central_ipark,sale,220000,,513,저,84.91,115.36,입주가능 로얄동층 판상형 풀에어컨 커뮤니티우수 통창뷰,고덕스카이공인중개사,2026-09-23,2026-09-29,2026-09-29,,,1
42496215,godeok_central_ipark,sale,190000,,501,중,59.97,82.26,탁트인뷰좋음 채광좋은로얄동층 판상형 커뮤니티우수 시스템에어컨,고덕스카이공인중개사,2026-09-23,2026-09-29,2026-09-29,,,1
42496217,godeok_central_ipark,sale,220000,,506,중,84.91,115.36,세안고매매 지하철가까운로얄동층 채광좋은정남향 풀에어컨,고덕스카이공인중개사,2026-09-23,2026-09-29,2026-09-29,,,1
42500593,godeok_central_ipark,jeonse,100000,,509,5,84.97,115.81,"입주협의,확트인 뷰, 관리 잘 된 집, 풀시스템에어컨",단지내이레(443-6606)공인중개사사무소,2026-09-23,2026-09-29,2026-09-29,,,1
42500594,godeok_central_ipark,jeonse,85000,,505,10,59.97,82.26,"정남향의 채광좋은 집,상일역 가까운동",단지내이레(443-6606)공인중개사사무소,2026-09-23,2026-09-29,2026-09-29,,,1
42500599,godeok_central_ipark,jeonse,95000,,514,저,84.91,115.36,"올확장,엘리베이터2대로 생활편리,풀옵션의 집입니다,12월입주협의",단지내이레(443-6606)공인중개사사무소,2026-09-23,2026-09-29,2026-09-29,,,1
42503572,godeok_central_ipark,sale,190000,,502,저,59.97,82.26,"커뮤니티최고시설,시스템 에어컨, 세끼고",경성공인중개사사무소,2026-09-23,2026-09-29,2026-09-29,,,1
42503574,godeok_central_ipark,sale,220000,,507,고,84.91,115.36,"커뮤니티최고시설,풀옵션,학세권고일초5분거리,정상입주",경성공인중개사사무소,2026-09-23,2026-09-29,2026-09-29,,,1
42503578,godeok_central_ipark,sale,190000,,505,중,59.97,82.26,"커뮤니티최고시설,풀옵션,학세권고일초5분거리, 늦은 입주",경성공인중개사사무소,2026-09-23,2026-09-29,2026-09-29,,,1
42503581,godeok_central_ipark,sale,220000,,518,저,84.97,115.81,"커뮤니티최고시설,풀옵션,학세권고일초5분거리,정상입주",경성공인중개사사무소,2026-09-23,2026-09-29,2026-09-29,,,1
42503590,godeok_central_ipark,sale,190000,,501,중,59.97,82.26,"커뮤니티최고시설, 시스템 에어컨, 학세권, 정상입주",경성공인중개사사무소,2026-09-23,2026-09-29,2026-09-29,,,1
42503871,godeok_central_ipark,sale,220000,,506,중,84.91,115.36,로얄동층 남향 풀옵션 세안고매매 우수커뮤니티 세대창고,파크자이(428-4270)공인중개사사무소,2026-09-23,2026-09-29,2026-09-29,,,1
42505899,godeok_central_ipark,wolse,65000,100,505,10,59.97,82.26,STAR추천 에어컨 김치냉장고 오븐 정남향 10월입주협의 집보기가능,고덕스타공인중개사사무소,2026-09-23,2026-09-29,2026-09-29,,,1
42505900,godeok_central_ipark,jeonse,85000,,505,10,59.97,82.26,STAR추천 에어컨 김치냉장고 오븐 정남향 10월입주협의 집보기가능,고덕스타공인중개사사무소,2026-09-23,2026-09-29,2026-09-29,,,1
42505935,godeok_central_ipark,sale,190000,,502,저,59.97,82.26,STAR추천 로얄동 세안고 에어컨 정원뷰 고일초1분컷 세대창고,고덕스타공인중개사사무소,2026-09-23,2026-09-29,2026-09-29,,,1
42508251,godeok_central_ipark,sale,220000,,514,고,84.91,115.36,"입주협의,로얄동층,시에풀,중문,고일초,커뮤니티시설굿",미사센트럴풍경채공인중개사사무소,2026-09-23,2026-09-29,2026-09-29,,,1
42509130,godeok_central_ipark,jeonse,85000,,505,10,59.97,82.26,로얄동 풀옵션 정남향 채광굿 커뮤니티우수,고덕선경(428-3939)공인중개사사무소,2026-09-23,2026-09-29,2026-09-29,,,1
42509667,godeok_central_ipark,sale,190000,,505,중,59.97,82.26,"입주정상,정남향,채광굿,앞동,편리한생활인프라",고덕현대공인중개사사무소,2026-09-23,2026-09-29,2026-09-29,,,1
42509682,godeok_central_ipark,sale,220000,,506,중,84.91,115.36,"세안고 매매, 채광좋은 정남향,에풀, 로얄동층,우수커뮤니티",고덕현대공인중개사사무소,2026-09-23,2026-09-29,2026-09-29,,,1
42509953,godeok_central_ipark,sale,220000,,506,중,84.91,115.36,로얄동층. 정남향.풀에어컨.전철역 상가 이용편리.우수커뮤니티,키움공인중개사사무소,2026-09-23,2026-09-29,2026-09-29,,,1
42509954,godeok_central_ipark,sale,200000,,507,저,84.91,115.36,로얄동층.풀에어컨.채광좋은 정남향.전철도보권.우수커뮤니티,키움공인중개사사무소,2026-09-23,2026-09-29,2026-09-29,,,1
42509955,godeok_central_ipark,sale,205000,,513,저,84.91,115.36,단독. 로얄동층. 채광좋은 확트인뷰.가장 선호타입.우수커뮤니티.,키움공인중개사사무소,2026-09-23,2026-09-29,2026-09-29,,,1
42509956,godeok_central_ipark,sale,190000,,505,중,59.97,82.26,로얄동층.전철 상가이용편리한동. 채광좋은 정남향.우수커뮤니티,키움공인중개사사무소,2026-09-23,2026-09-29,2026-09-29,,,1
42523403,godeok_central_ipark,wolse,60000,200,514,7,84.97,115.81,풀에어컨 트인뷰 깨끗하고 밝은집,고덕자이(441-0109)공인중개사사무소,2026-09-23,2026-09-29,2026-09-29,,,1
42523409,godeok_central_ipark,wolse,65000,80,505,10,59.97,82.26,전세가능 판상형 생활 편리한동 시스템에어컨,고덕자이(441-0109)공인중개사사무소,2026-09-23,2026-09-29,2026-09-29,,,1
42523417,godeok_central_ipark,jeonse,100000,,509,저,84.97,115.81,입주 협의 에어컨풀 트인뷰,고덕자이(441-0109)공인중개사사무소,2026-09-23,2026-09-29,2026-09-29,,,1
42523425,godeok_central_ipark,sale,220000,,507,고,84.91,115.36,풀에어컨 중문 안방붙박이장 정남향 밝고채광좋은집,고덕자이(441-0109)공인중개사사무소,2026-09-23,2026-09-29,2026-09-29,,,1
42526889,godeok_central_ipark,jeonse,100000,,509,5,84.97,115.81,금터. 35B 시세대비 저럼 고일초 선호타입 식세기 풀에어컨 초록뷰,고덕그라시움금터부동산공인중개사사무소,2026-09-23,2026-09-29,2026-09-29,,,1
42552896,godeok_central_ipark,sale,190000,,516,중,59.97,82.26,정 남향 여름에 시원하고 겨울에 따뜻해요,동서울부동산공인중개사사무소,2026-09-28,2026-09-29,2026-09-29,,,1
42567923,godeok_central_ipark,jeonse,85000,,505,10,59.97,82.26,지하철가까운로얄동층 채광좋은정남향 시스템에어컨 판상형,고덕스카이공인중개사,2026-09-28,2026-09-29,2026-09-29,,,1
42567926,godeok_central_ipark,wolse,65000,80,505,10,59.97,82.26,로얄동층 시스템에어컨 채광좋은정남향 커뮤니티우수,고덕스카이공인중개사,2026-09-28,2026-09-29,2026-09-29,,,1
42567931,godeok_central_ipark,wolse,40000,200,501,15,59.97,82.26,추천월세 탁트인뷰좋음 채광좋은로얄동층 시스템에어컨 판상형,고덕스카이공인중개사,2026-09-28,2026-09-29,2026-09-29,,,1
42567935,godeok_central_ipark,jeonse,100000,,509,5,84.97,115.81,탁트인뷰좋음 채광좋은로얄동 풀에어컨 넓은구조,고덕스카이공인중개사,2026-09-28,2026-09-29,2026-09-29,,,1
42567938,godeok_central_ipark,sale,190000,,505,중,59.97,82.26,로얄동층 지하철가까운정남향 채광좋음 판상형 시스템에어컨,고덕스카이공인중개사,2026-09-28,2026-09-29,2026-09-29,,,1
42567942,godeok_central_ipark,sale,220000,,518,저,84.97,115.81,입주가능 지하철편리한로얄동층 풀시스템에어컨 커뮤니티우수,고덕스카이공인중개사,2026-09-28,2026-09-29,2026-09-29,,,1
42567945,godeok_central_ipark,jeonse,95000,,514,저,84.91,115.36,로얄동층 채광좋은집 중앙광장뷰 에어컨풀 장기거주,고덕스카이공인중개사,2026-09-28,2026-09-29,2026-09-29,,,1
42567952,godeok_central_ipark,sale,205000,,517,저,84.97,115.81,지하철가까운로얄동 풀에어컨 파우더룸 커뮤니티우수 입주협의,고덕스카이공인중개사,2026-09-28,2026-09-29,2026-09-29,,,1
42567954,godeok_central_ipark,jeonse,88000,,501,중,59.97,82.26,추천전세 탁트인로얄동층 채광좋은판상형 시스템에어컨,고덕스카이공인중개사,2026-09-28,2026-09-29,2026-09-29,,,1
42567962,godeok_central_ipark,sale,185000,,519,저,59.91,82.42,추천급매 전망좋음 편리한지하철이용 로얄동층 커뮤니티우수,고덕스카이공인중개사,2026-09-28,2026-09-29,2026-09-29,,,1
42567964,godeok_central_ipark,jeonse,90000,,517,중,74.99,102.64,단독 귀한전세 지하철가까운로얄동층 풀에어컨 커뮤니티우수,고덕스카이공인중개사,2026-09-28,2026-09-29,2026-09-29,,,1
42567966,godeok_central_ipark,jeonse,95000,,505,고,59.97,82.26,로얄동층 채광좋은집 판상형 커뮤니티우수 입주협의,고덕스카이공인중개사,2026-09-28,2026-09-29,2026-09-29,,,1
42567968,godeok_central_ipark,jeonse,110000,,514,저,84.97,115.81,로얄동층 에어컨풀 중앙광장뷰좋음 햇살좋은집 커뮤니티우수,고덕스카이공인중개사,2026-09-28,2026-09-29,2026-09-29,,,1
42572394,godeok_central_ipark,wolse,65000,80,505,10,59.97,82.26,"정남향의 채광좋은 집, 10월입주협의 ,우수커뮤니티,상일역 가까운동",단지내이레(443-6606)공인중개사사무소,2026-09-28,2026-09-29,2026-09-29,,,1
42572401,godeok_central_ipark,sale,190000,,513,중,59.97,82.26,"입주매매,조용한 로얄동층,조합원옵션,우수학군,우수커뮤니티",단지내이레(443-6606)공인중개사사무소,2026-09-28,2026-09-29,2026-09-29,,,1
42575291,godeok_central_ipark,wolse,65000,80,505,10,59.97,82.26,입구동 일조량풍부 밝고 좋은집 입니다,대일공인중개사사무소,2026-09-28,2026-09-29,2026-09-29,,,1
42575292,godeok_central_ipark,jeonse,100000,,509,5,84.97,115.81,풀옵션 깔끔 구립숲속도서관 명문중고교학군근거리 좋은집입니다,대일공인중개사사무소,2026-09-28,2026-09-29,2026-09-29,,,1
42575293,godeok_central_ipark,jeonse,85000,,505,10,59.97,82.26,입구동 일조량풍부 구립어린이집 커뮤니티 근거리 입니다,대일공인중개사사무소,2026-09-28,2026-09-29,2026-09-29,,,1
42575301,godeok_central_ipark,sale,190000,,510,저,74.88,102.27,입주 명문중고교학군 구립도서관근거리 깔끔 좋은집입니다,대일공인중개사사무소,2026-09-28,2026-09-29,2026-09-29,,,1
42575304,godeok_central_ipark,jeonse,110000,,514,저,84.97,115.81,고일초 커뮤니티시설 상가 근거리 밝고 좋은집입니다,대일공인중개사사무소,2026-09-28,2026-09-29,2026-09-29,,,1
42575306,godeok_central_ipark,wolse,10000,360,512,저,102.85,139.37,1년단기 11월말부터입주 에6 빌트인냉장고 있습니다,대일공인중개사사무소,2026-09-28,2026-09-29,2026-09-29,,,1
42575307,godeok_central_ipark,wolse,10000,360,512,저,102.85,139.37,단기1년 에6대 빌트인냉장고 있습니다,대일공인중개사사무소,2026-09-28,2026-09-29,2026-09-29,,,1
42575518,godeok_central_ipark,jeonse,100000,,509,5,84.97,115.81,"커뮤니티최고시설,풀옵션,학세권고일초5분거리,정상입주",경성공인중개사사무소,2026-09-28,2026-09-29,2026-09-29,,,1
42575519,godeok_central_ipark,jeonse,85000,,505,10,59.97,82.26,"커뮤니티최고시설,풀옵션,학세권고일초5분거리, 늦은 입주",경성공인중개사사무소,2026-09-28,2026-09-29,2026-09-29,,,1
42575520,godeok_central_ipark,wolse,65000,80,505,10,59.97,82.26,"커뮤니티최고시설,풀옵션,학세권고일초5분거리, 늦은 입주",경성공인중개사사무소,2026-09-28,2026-09-29,2026-09-29,,,1
42575522,godeok_central_ipark,sale,200000,,507,저,84.91,115.36,"커뮤니티최고시설,풀옵션,학세권고일초5분거리, 세끼고",경성공인중개사사무소,2026-09-28,2026-09-29,2026-09-29,,,1
42575523,godeok_central_ipark,jeonse,88000,,501,중,59.97,82.26,"커뮤니티최고시설, 시스템 에어컨, 학세권, 정상입주",경성공인중개사사무소,2026-09-28,2026-09-29,2026-09-29,,,1
42575524,godeok_central_ipark,wolse,65000,100,502,중,59.97,82.26,"커뮤니티최고시설,풀옵션,학세권고일초5분거리,정상입주",경성공인중개사사무소,2026-09-28,2026-09-29,2026-09-29,,,1
42575770,godeok_central_ipark,jeonse,100000,,509,5,84.97,115.81,빠른입주 풀에어컨 풀옵션 식세기 공공도서관인접,파크자이(428-4270)공인중개사사무소,2026-09-28,2026-09-29,2026-09-29,,,1
42575771,godeok_central_ipark,wolse,65000,80,505,10,59.97,82.26,시스템에어컨 융자무 지하철가까운동 세대창고 우수커뮤니티,파크자이(428-4270)공인중개사사무소,2026-09-28,2026-09-29,2026-09-29,,,1
42575772,godeok_central_ipark,jeonse,85000,,505,10,59.97,82.26,시스템에어컨 융자무 지하철가까운동 세대창고 우수커뮤니티,파크자이(428-4270)공인중개사사무소,2026-09-28,2026-09-29,2026-09-29,,,1
42575782,godeok_central_ipark,jeonse,95000,,514,저,84.91,115.36,풀에어컨 중문 장기가능 트인뷰 채광 세대창고 우수커뮤니티,파크자이(428-4270)공인중개사사무소,2026-09-28,2026-09-29,2026-09-29,,,1
42577423,godeok_central_ipark,jeonse,85000,,505,10,59.97,82.26,융자없음 o 정남향 o 접근성좋은동 o 시스템에어컨 o 우수학군.세대창고,롯데공인중개사사무소,2026-09-28,2026-09-29,2026-09-29,,,1
42577425,godeok_central_ipark,jeonse,100000,,509,5,84.97,115.81,에어컨풀.중문 o 트인상일동산뷰 o 도서관인접 o 세대창고,롯데공인중개사사무소,2026-09-28,2026-09-29,2026-09-29,,,1
42577426,godeok_central_ipark,wolse,65000,80,505,10,59.97,82.26,융자없음 o 정남향 o 접근성좋은동 o 시스템에어컨 o 우수학군.세대창고,롯데공인중개사사무소,2026-09-28,2026-09-29,2026-09-29,,,1
42577430,godeok_central_ipark,sale,190000,,505,중,59.97,82.26,입주 o 정남향 o 접근성좋은동 o 시스템에어컨 o 우수학군.세대창고,롯데공인중개사사무소,2026-09-28,2026-09-29,2026-09-29,,,1
42577572,godeok_central_ipark,wolse,50000,240,514,7,84.97,115.81,STAR추천 보증금조정가능 시에풀 트인뷰 채광굿,고덕스타공인중개사사무소,2026-09-28,2026-09-29,2026-09-29,,,1
42577579,godeok_central_ipark,jeonse,100000,,509,저,84.97,115.81,STAR추천 에어컨 김치냉장고 오븐 정남향 10월입주협의 집보기가능,고덕스타공인중개사사무소,2026-09-28,2026-09-29,2026-09-29,,,1
42577582,godeok_central_ipark,jeonse,95000,,514,저,84.91,115.36,STAR 12월초입주협의 시에5 중문 식세기 인덕션 장기거주가능 트인뷰,고덕스타공인중개사사무소,2026-09-28,2026-09-29,2026-09-29,,,1
42578291,godeok_central_ipark,sale,220000,,515,고,84.91,115.36,매도인 의뢰 풀 옵션,동서울부동산공인중개사사무소,2026-09-28,2026-09-29,2026-09-29,,,1
42578293,godeok_central_ipark,sale,185000,,516,중,59.97,82.26,매도인 의뢰 입주가 집상태 좋아요.,동서울부동산공인중개사사무소,2026-09-28,2026-09-29,2026-09-29,,,1
42581358,godeok_central_ipark,jeonse,95000,,514,저,84.91,115.36,"12월입주협의, 로얄동층,채광좋은 뷰, 풀에어컨, 우수 커뮤니티",고덕현대공인중개사사무소,2026-09-28,2026-09-29,2026-09-29,,,1
42581366,godeok_central_ipark,wolse,65000,80,505,중,59.97,82.26,"정남향, 상가지하철 가까운 선호동, 시스템에어컨, 지하세대창고",고덕현대공인중개사사무소,2026-09-28,2026-09-29,2026-09-29,,,1
42581369,godeok_central_ipark,jeonse,85000,,505,중,59.97,82.26,"정남향, 상가 지하철 가까운 선호동, 시스템 에어컨, 지하세대창고",고덕현대공인중개사사무소,2026-09-28,2026-09-29,2026-09-29,,,1
42581669,godeok_central_ipark,wolse,65000,80,505,10,59.97,82.26,전세.반전세 가능.채광좋은 정남향.전철 상가이용편리한동.,키움공인중개사사무소,2026-09-28,2026-09-29,2026-09-29,,,1
42581670,godeok_central_ipark,jeonse,100000,,509,5,84.97,115.81,채광좋은 트인뷰.풀옵션. 전철역 도보권.우수 커뮤니티,키움공인중개사사무소,2026-09-28,2026-09-29,2026-09-29,,,1
42581671,godeok_central_ipark,jeonse,85000,,505,10,59.97,82.26,전세.반전세 가능.로얄동층.전철 상가이용편리한동. 채광좋은 정남향,키움공인중개사사무소,2026-09-28,2026-09-29,2026-09-29,,,1
42581677,godeok_central_ipark,sale,220000,,518,저,84.97,115.81,풀에어컨. 개방감 좋은 환한뷰.초등 바로. 전철역 도보권.우수 커뮤니티,키움공인중개사사무소,2026-09-28,2026-09-29,2026-09-29,,,1
42581683,godeok_central_ipark,wolse,50000,240,514,저,84.97,115.81,중앙광장 로얄동층.채광좋은 선호타입.풀에어컨.전철역 상가 이용편리,키움공인중개사사무소,2026-09-28,2026-09-29,2026-09-29,,,1
42581684,godeok_central_ipark,jeonse,110000,,514,저,84.97,115.81,반전세 가능.중앙광장 로얄동층.전철역 상가이용편리.풀에어컨.,키움공인중개사사무소,2026-09-28,2026-09-29,2026-09-29,,,1
42581685,godeok_central_ipark,jeonse,95000,,514,저,84.91,115.36,늦은입주 12월.로얄동층.확트인 채광좋은뷰. 풀에어컨.옵션굿,키움공인중개사사무소,2026-09-28,2026-09-29,2026-09-29,,,1
42581686,godeok_central_ipark,jeonse,95000,,505,고,59.97,82.26,생활권 편리한 앞동. 전철상가 이용편리.채광굿.초등바로,키움공인중개사사무소,2026-09-28,2026-09-29,2026-09-29,,,1
42582132,godeok_central_ipark,sale,205000,,517,저,84.97,115.81,"대단지역세권,트인뷰,살기좋은 대단지 아파트 선호동 늦은입주가",고덕거성공인중개사사무소,2026-09-28,2026-09-29,2026-09-29,,,1
42582136,godeok_central_ipark,sale,190000,,502,저,59.97,82.26,대단지역세권 명문학군 풀옵션 녹지공간많고 유헤시설없는 고덕지구 세안고,고덕거성공인중개사사무소,2026-09-28,2026-09-29,2026-09-29,,,1
42585200,godeok_central_ipark,jeonse,100000,,509,5,84.97,115.81,34p 풀옵션 확 트인뷰 채광굿 9호선호재 빠른입주,고덕리더스공인중개사사무소,2026-09-28,2026-09-29,2026-09-29,,,1
42585215,godeok_central_ipark,wolse,65000,70,505,중,59.97,82.26,25p 강추 풀옵션 지하철 가까운 동 공원뷰 관리잘된집,고덕리더스공인중개사사무소,2026-09-28,2026-09-29,2026-09-29,,,1
42585222,godeok_central_ipark,jeonse,85000,,505,중,59.97,82.26,25p 강추입주가능 정남향 로얄동층 확트인뷰 밝고환한집 역세권,고덕리더스공인중개사사무소,2026-09-28,2026-09-29,2026-09-29,,,1
42585223,godeok_central_ipark,jeonse,95000,,514,저,84.91,115.36,34p 강추 풀옵션 로얄동층 확트인뷰 12월입주협의,고덕리더스공인중개사사무소,2026-09-28,2026-09-29,2026-09-29,,,1
42585228,godeok_central_ipark,sale,200000,,507,저,84.91,115.36,34p 세안고 늦은입주 9호선 연장수혜 한영외고 인접 풀옵션,고덕리더스공인중개사사무소,2026-09-28,2026-09-29,2026-09-29,,,1
42586046,godeok_central_ipark,jeonse,90000,,505,10,59.97,82.26,"남향,10월,학군굿,상일역7분",고덕종점그라시움공인중개사사무소,2026-09-28,2026-09-29,2026-09-29,,,1
42586047,godeok_central_ipark,wolse,65000,120,505,10,59.97,82.26,"남향,학군굿,상일역 7분",고덕종점그라시움공인중개사사무소,2026-09-28,2026-09-29,2026-09-29,,,1
42586050,godeok_central_ipark,sale,250000,,519,고,102.85,139.37,"정남향,초록뷰,학군우수,세안고,단독",고덕종점그라시움공인중개사사무소,2026-09-28,2026-09-29,2026-09-29,,,1
42586894,godeok_central_ipark,jeonse,85000,,505,10,59.97,82.26,"귀한전세, 정남향, 시스템에어컨, 지하철가까운동, 지하세대창고",고덕굿모닝(437-6009)공인중개사사무소,2026-09-28,2026-09-29,2026-09-29,,,1
42586895,godeok_central_ipark,jeonse,100000,,509,5,84.97,115.81,"입주일협의가 에풀, 트인 정원뷰, 지하창고, 공공도서관인접, 우수커뮤니티",고덕굿모닝(437-6009)공인중개사사무소,2026-09-28,2026-09-29,2026-09-29,,,1
42586897,godeok_central_ipark,wolse,65000,80,505,10,59.97,82.26,시스템에어컨. 지하철가까운동. 세대지하창고. 우수커뮤니티시설,고덕굿모닝(437-6009)공인중개사사무소,2026-09-28,2026-09-29,2026-09-29,,,1
42586898,godeok_central_ipark,wolse,40000,200,501,15,59.97,82.26,"입주날짜협의, 시스템에어컨, 트인뷰, 세대지하창고, 우수커뮤",고덕굿모닝(437-6009)공인중개사사무소,2026-09-28,2026-09-29,2026-09-29,,,1
42586900,godeok_central_ipark,wolse,60000,200,514,7,84.97,115.81,"보증금조정가, 에풀, 세대지하창고, 넓은동간거리, 우수커뮤니티",고덕굿모닝(437-6009)공인중개사사무소,2026-09-28,2026-09-29,2026-09-29,,,1
42586904,godeok_central_ipark,wolse,40000,280,514,7,84.97,115.81,"보증금조정가, 에풀, 넓은동간거리 채광좋은집, 세대지하창고, 우수커뮤",고덕굿모닝(437-6009)공인중개사사무소,2026-09-28,2026-09-29,2026-09-29,,,1
42586913,godeok_central_ipark,jeonse,95000,,514,저,84.91,115.36,"장기거주가능, 시스템에어컨, 트인뷰 채광좋은집, 세대지하창고",고덕굿모닝(437-6009)공인중개사사무소,2026-09-28,2026-09-29,2026-09-29,,,1
42586923,godeok_central_ipark,sale,185000,,519,저,59.91,82.42,"늦은입주, 에어컨풀, 개방감좋음, 고일초인접, 세대지하창고,우수커뮤니티",고덕굿모닝(437-6009)공인중개사사무소,2026-09-28,2026-09-29,2026-09-29,,,1
42586926,godeok_central_ipark,sale,190000,,510,저,74.88,102.27,"추천,입주급매, 정남향,어어컨풀, 지하세대별창고,정원뷰, 우수커뮤니티",고덕굿모닝(437-6009)공인중개사사무소,2026-09-28,2026-09-29,2026-09-29,,,1
42586929,godeok_central_ipark,jeonse,105000,,514,저,84.97,115.81,"입주일협의가, 에풀, 세대지하창고, 넓은동간거리, 채광좋은집, 우수커뮤니",고덕굿모닝(437-6009)공인중개사사무소,2026-09-28,2026-09-29,2026-09-29,,,1
42586935,godeok_central_ipark,sale,210000,,507,고,84.91,115.36,,고덕굿모닝(437-6009)공인중개사사무소,2026-09-28,2026-09-29,2026-09-29,,,1
42591479,godeok_central_ipark,jeonse,100000,,509,저,84.97,115.81,풀에어컨 트인숲뷰 내부수납우수 입주 협의가능 귀한전세,고덕무지개공인중개사사무소,2026-09-28,2026-09-29,2026-09-29,,,1
42591481,godeok_central_ipark,jeonse,95000,,514,저,84.91,115.36,풀에어컨 식세기 단지내 공원뷰 커뮤너티근접동,고덕무지개공인중개사사무소,2026-09-28,2026-09-29,2026-09-29,,,1
42595951,godeok_central_ipark,sale,190000,,502,저,59.97,82.26,세안고 정남향 트인뷰 시스템에어컨,고덕자이(441-0109)공인중개사사무소,2026-09-28,2026-09-29,2026-09-29,,,1
42595954,godeok_central_ipark,sale,205000,,517,저,84.97,115.81,전세안고 풀에어컨 트인뷰 밝은집,고덕자이(441-0109)공인중개사사무소,2026-09-28,2026-09-29,2026-09-29,,,1
42595957,godeok_central_ipark,jeonse,95000,,505,고,59.97,82.26,정남향 밝은집,고덕자이(441-0109)공인중개사사무소,2026-09-28,2026-09-29,2026-09-29,,,1
41657821,godeok_xi,sale,188000,,111,21,59.93,83.30,,고일공인중개사사무소,2026-08-31,2026-09-29,2026-09-29,,,1
41710452,godeok_xi,sale,188000,,111,고,59.93,83.30,트인뷰 풀에어콘 커뮤너티우수 입주협의,고덕무지개공인중개사사무소,2026-08-31,2026-09-29,2026-09-29,,,1
41710453,godeok_xi,sale,200000,,111,중,74.82,98.73,풀옵션 세안고 27.6월 귀한평형 대단지커뮤너티 고일초품,고덕무지개공인중개사사무소,2026-08-31,2026-09-29,2026-09-29,,,1
41710477,godeok_xi,sale,185000,,102,고,59.93,83.30,강추 입주 정남향 채광굿 풀옵션 컨디션최상,고덕선경(428-3939)공인중개사사무소,2026-08-31,2026-09-29,2026-09-29,,,1
41668645,godeok_xi,sale,270000,,116,고,118.44,146.48,"44p ,정남향 ,확트인뷰 에6 ,안방붙박이장, 고일초 2분컷,",고덕강남부동산 공인중개사 사무소,2026-09-01,2026-09-29,2026-09-29,,,1
41675249,godeok_xi,sale,220000,,114,저,84.44,110.43,"에풀, 엘베2대, 개방감굿, 고일초초품아, 세대지하창고, 우수커뮤",고덕굿모닝(437-6009)공인중개사사무소,2026-09-01,2026-09-29,2026-09-29,,,1
41675250,godeok_xi,sale,220000,,109,저,84.97,109.92,넓은거실 로얄동 특수리 초품아 우수커뮤니티시설,고덕굿모닝(437-6009)공인중개사사무소,2026-09-01,2026-09-29,2026-09-29,,,1
41675282,godeok_xi,sale,238000,,117,저,101.04,127.09,"넓은평수, 선호평형, 많은 수납공간, 세대지하창고, 우수커뮤",고덕굿모닝(437-6009)공인중개사사무소,2026-09-01,2026-09-29,2026-09-29,,,1
41710420,godeok_xi,sale,220000,,108,9,84.73,110.00,"커뮤니티최고시설,풀옵션,학세권고일초5분거리,정상입주",경성공인중개사사무소,2026-09-01,2026-09-29,2026-09-29,,,1
41710427,godeok_xi,sale,230000,,107,고,84.73,110.00,"커뮤니티최고시설,풀옵션,학세권고일초5분거리,정상입주",경성공인중개사사무소,2026-09-01,2026-09-29,2026-09-29,,,1
41710428,godeok_xi,sale,215000,,108,저,84.44,110.43,"커뮤니티최고시설,풀옵션,학세권고일초5분거리,입주협의",경성공인중개사사무소,2026-09-01,2026-09-29,2026-09-29,,,1
41713540,godeok_xi,sale,190000,,102,저,59.93,83.30,"트인 전면뷰,에어컨,로얄동 로얄층,입주협의",센트럴부자공인중개사사무소,2026-09-02,2026-09-29,2026-09-29,,,1
41735498,godeok_xi,sale,270000,,116,고,118.44,146.48,"올확장, 정남향의 확트인 뷰,풀시스템에어컨,초품아,우수커뮤니티",단지내이레(443-6606)공인중개사사무소,2026-09-02,2026-09-29,2026-09-29,,,1
41740123,godeok_xi,sale,200000,,111,중,74.30,99.02,독일 추천. 입주. 단지 내 트인뷰. 풀에어컨. 채광 좋은 집.,고덕독일489-4100공인중개사사무소,2026-09-02,2026-09-29,2026-09-29,,,1
41786200,godeok_xi,sale,220000,,119,고,74.82,98.73,초품아 밝고 트인뷰 고덕천 명문중고교 근거리 좋은집 세안고입니다,대일공인중개사사무소,2026-09-03,2026-09-29,2026-09-29,,,1
41794464,godeok_xi,sale,230000,,107,고,84.73,110.00,로얄동층 전망좋은뷰 채광좋은판상형 풀에어컨 정남향,고덕스카이공인중개사,2026-09-03,2026-09-29,2026-09-29,,,1
41816056,godeok_xi,sale,185000,,102,고,59.93,83.30,"25,정남향, 단지초입 교통편리, 고일초근접,커뮤니티시설 및 상가근접",고일공인중개사사무소,2026-09-04,2026-09-29,2026-09-29,,,1
41829986,godeok_xi,sale,185000,,115,저,59.93,83.30,강추 늦은입주 초품아 시스템에어컨 커뮤니티우수,고덕선경(428-3939)공인중개사사무소,2026-09-04,2026-09-29,2026-09-29,,,1
41829990,godeok_xi,sale,215000,,118,고,84.44,110.43,트인뷰 초품아 깔끔하고 좋은집입니다,대일공인중개사사무소,2026-09-04,2026-09-29,2026-09-29,,,1
41846765,godeok_xi,sale,245000,,117,중,101.99,128.29,"트인조망, 시스템에어컨5, 초품아, 세대창고",고덕숲공인중개사무소,2026-09-05,2026-09-29,2026-09-29,,,1
41863792,godeok_xi,sale,220000,,119,고,74.82,98.73,"로얄동층, 풀옵션, 탁트인뷰, 세안고 초품아, 세대창고 커뮤니티우수",고덕굿모닝(437-6009)공인중개사사무소,2026-09-05,2026-09-29,2026-09-29,,,1
41863830,godeok_xi,sale,215000,,110,고,84.97,109.92,"추천 판상형,입주급매, 엘베2대, 에어컨풀, 초품아,지하세대창고",고덕굿모닝(437-6009)공인중개사사무소,2026-09-05,2026-09-29,2026-09-29,,,1
41916978,godeok_xi,sale,205000,,109,고,84.97,109.92,"커뮤니티최고시설 학세권,역세권아파트,세끼고",경성공인중개사사무소,2026-09-07,2026-09-29,2026-09-29,,,1
41918519,godeok_xi,sale,220000,,108,9,84.73,110.00,"트인뷰,에어컨 풀,중문, 붙박이장,방4,편리한 커뮤니티.",센트럴부자공인중개사사무소,2026-09-07,2026-09-29,2026-09-29,,,1
41918547,godeok_xi,sale,200000,,119,중,74.30,99.02,"채광A급,초품아,정남향,다양한 커뮤니티, 세안고",센트럴부자공인중개사사무소,2026-09-07,2026-09-29,2026-09-29,,,1
41925015,godeok_xi,wolse,58000,440,116,저,118.44,146.48,대단지역세권 명문학군 브랜드1위아파트 귀한월세물건 입주협의,고덕거성공인중개사사무소,2026-09-07,2026-09-29,2026-09-29,,,1
41947745,godeok_xi,sale,250000,,117,중,101.99,128.29,귀한입주 매물 로얄동 채광 조망 굿 초품아 학군우수 커뮤니티 우수,고덕시온공인중개사사무소,2026-09-08,2026-09-29,2026-09-29,,,1
41988586,godeok_xi,sale,200000,,111,중,74.82,98.73,"트인뷰,에어컨 풀,계절 창고, 세안고. 초품아.",센트럴부자공인중개사사무소,2026-09-09,2026-09-29,2026-09-29,,,1
41992821,godeok_xi,sale,220000,,109,저,84.97,109.92,인테리어끝판왕 폴리싱바닥타일 최고급벽지 멋진중문 에4 탁트인뷰,고덕강남부동산 공인중개사 사무소,2026-09-09,2026-09-29,2026-09-29,,,1
42013724,godeok_xi,sale,215000,,118,고,84.44,110.43,"커뮤니티최고시설,학세권,뷰최고임",경성공인중개사사무소,2026-09-09,2026-09-29,2026-09-29,,,1
42028644,godeok_xi,sale,230000,,107,11,84.73,110.00,"27년초 입주, 풀옵션, 정남향 초품아, 우수커뮤니티",고덕굿모닝(437-6009)공인중개사사무소,2026-09-09,2026-09-29,2026-09-29,,,1
42026453,godeok_xi,sale,270000,,116,고,118.44,146.48,44p 강추 귀한 대형 풀옵션 탁트인 공원 뻥뷰 역세권 밝고환한집,고덕리더스공인중개사사무소,2026-09-10,2026-09-29,2026-09-29,,,1
42026455,godeok_xi,sale,200000,,119,중,74.30,99.02,30p 강추 입주매매 풀옵션 트인 뷰 관리잘된집,고덕리더스공인중개사사무소,2026-09-10,2026-09-29,2026-09-29,,,1
42026457,godeok_xi,sale,220000,,109,저,84.97,109.92,34p 방4 특인테리어 에어컨3 중문 트인뷰 정상입주,고덕리더스공인중개사사무소,2026-09-10,2026-09-29,2026-09-29,,,1
42028126,godeok_xi,sale,180000,,115,저,59.70,84.28,세안고 늦은입주 채광 조망 굿 초품아 학군우수 커뮤니티 우수,고덕시온공인중개사사무소,2026-09-10,2026-09-29,2026-09-29,,,1
42028127,godeok_xi,sale,185000,,115,저,59.93,83.30,늦은입주 채광 조망 굿 초품아 학군우수 커뮤니티 우수,고덕시온공인중개사사무소,2026-09-10,2026-09-29,2026-09-29,,,1
42028128,godeok_xi,sale,220000,,114,저,84.44,110.43,늦은입주 로얄동 초품아 학군우수 커뮤니티 우수 채광 조망 굿,고덕시온공인중개사사무소,2026-09-10,2026-09-29,2026-09-29,,,1
42028129,godeok_xi,sale,188000,,111,고,59.93,83.30,늦은입주 로얄동 귀한매물 초품아 학군우수 커뮤니티 우수,고덕시온공인중개사사무소,2026-09-10,2026-09-29,2026-09-29,,,1
42045683,godeok_xi,sale,220000,,109,저,84.97,109.92,"트인뷰 ,에어컨 ,중문 ,격조높은 커뮤니티. 특 인테리어 입주",센트럴부자공인중개사사무소,2026-09-10,2026-09-29,2026-09-29,,,1
42078813,godeok_xi,sale,188000,,111,21,59.93,83.30,"늦은입주,로얄동층,채광굿,풀에어컨,초품아",고덕현대공인중개사사무소,2026-09-11,2026-09-29,2026-09-29,,,1
42094619,godeok_xi,sale,180000,,115,2,59.70,84.28,"25,고덕천뷰, 풀에어컨 및 인테리어, 고일초,다양한커뮤니티",고일공인중개사사무소,2026-09-11,2026-09-29,2026-09-29,,,1
42094625,godeok_xi,sale,200000,,111,중,74.82,98.73,"30 채광 좋고 아름다운 정원 뷰, 고일초근접,커뮤니티시설 좋음",고일공인중개사사무소,2026-09-11,2026-09-29,2026-09-29,,,1
42109656,godeok_xi,sale,220000,,114,저,84.44,110.43,"조용한 단지 내 정원 뷰,에어컨 풀,중 문,27년 3월 입주 협의",센트럴부자공인중개사사무소,2026-09-12,2026-09-29,2026-09-29,,,1
42113528,godeok_xi,sale,215000,,108,고,84.73,110.00,조합원 매물 정남향 풀에어컨 중문 커뮤니티인접동 고일초,고덕강남부동산 공인중개사 사무소,2026-09-12,2026-09-29,2026-09-29,,,1
42131366,godeok_xi,sale,188000,,111,21,59.93,83.30,"입주매매,올확장,풀시스템에어컨,27년 상반기 입주가능",단지내이레(443-6606)공인중개사사무소,2026-09-12,2026-09-29,2026-09-29,,,1
42155131,godeok_xi,sale,220000,,108,9,84.73,110.00,"34,남향,뷰가 좋은 동,고일초근접",고일공인중개사사무소,2026-09-14,2026-09-29,2026-09-29,,,1
42155134,godeok_xi,sale,220000,,110,저,84.44,110.43,"34 ,단지정원 전망, 고일초단지내,",고일공인중개사사무소,2026-09-14,2026-09-29,2026-09-29,,,1
42162789,godeok_xi,sale,200000,,119,중,74.30,99.02,귀한평수 탁트인뷰 풀에어컨 선호도 좋은 구조 입주가능,강동위드공인중개사사무소,2026-09-14,2026-09-29,2026-09-29,,,1
42172750,godeok_xi,sale,200000,,111,중,74.30,99.02,대단지역세권 명문학군 커뮤니티 풀옵션 입주물건,고덕거성공인중개사사무소,2026-09-14,2026-09-29,2026-09-29,,,1
42173078,godeok_xi,sale,200000,,119,14,74.30,99.02,확트인 시원한뷰.채광굿.풀에어컨.선호타입.초품아.전철역 도보권,키움공인중개사사무소,2026-09-14,2026-09-29,2026-09-29,,,1
42173797,godeok_xi,sale,200000,,119,14,74.30,99.02,강추 입주 탁트인시원한조망 햇살가득 밝고환한집,고덕선경(428-3939)공인중개사사무소,2026-09-14,2026-09-29,2026-09-29,,,1
42173807,godeok_xi,sale,180000,,115,저,59.70,84.28,추천 세안고 풀옵션 트인조망 초품아,고덕선경(428-3939)공인중개사사무소,2026-09-14,2026-09-29,2026-09-29,,,1
42178561,godeok_xi,sale,185000,,102,11,59.93,83.30,풀옵션 포쉐린바닥 초품아 상일역 상가 근거리 깔끔 밝고 예쁜집,대일공인중개사사무소,2026-09-14,2026-09-29,2026-09-29,,,1
42184214,godeok_xi,sale,220000,,119,고,74.82,98.73,세안고매매 탁트인뷰좋음 로얄동층 풀에어컨 판상형,고덕스카이공인중개사,2026-09-14,2026-09-29,2026-09-29,,,1
42210017,godeok_xi,sale,220000,,109,저,84.97,109.92,강추 매매 채광좋은 인테리어잘된집 로얄동 로얄층 입주협의,조은동네부동산426-9800공인중개사사무소,2026-09-14,2026-09-29,2026-09-29,,,1
42194752,godeok_xi,sale,238000,,117,12,101.99,128.29,"트인조망, 시스템에어컨5, 초품아, 세대창고",고덕숲공인중개사무소,2026-09-15,2026-09-29,2026-09-29,,,1
42205218,godeok_xi,sale,200000,,119,14,74.30,99.02,대단지역세권 명문학군 커뮤니티 풀옵션 입주가능,고덕거성공인중개사사무소,2026-09-15,2026-09-29,2026-09-29,,,1
42210358,godeok_xi,sale,220000,,109,저,84.97,109.92,"올확장,단지 중앙 조용한 동,초품아,우수커뮤니티",단지내이레(443-6606)공인중개사사무소,2026-09-15,2026-09-29,2026-09-29,,,1
42217061,godeok_xi,sale,220000,,109,저,84.97,109.92,로얄동층 화이트인테리어 풀시스템에어컨 커뮤니티우수 초품아,고덕스카이공인중개사,2026-09-15,2026-09-29,2026-09-29,,,1
42222023,godeok_xi,sale,200000,,115,고,74.82,98.73,단독 늦은입주 귀한 매물 채광 조망 굿 초품아 학군우수 커뮤니티,고덕시온공인중개사사무소,2026-09-15,2026-09-29,2026-09-29,,,1
42222105,godeok_xi,sale,220000,,108,9,84.73,110.00,"방4개,개방감 굿, 시스템에어컨풀, 정남향,초품아, 우수커뮤니티",고덕굿모닝(437-6009)공인중개사사무소,2026-09-15,2026-09-29,2026-09-29,,,1
42222118,godeok_xi,sale,220000,,114,고,84.97,109.92,"입주매매 뷰좋음, 에풀, 고일초초품아, 세대지하창고, 커뮤니티우수",고덕굿모닝(437-6009)공인중개사사무소,2026-09-15,2026-09-29,2026-09-29,,,1
42222120,godeok_xi,sale,190000,,102,저,59.93,83.30,"정남향 판상형, 지하철가까운동, 고일초초품아,우수커뮤니티",고덕굿모닝(437-6009)공인중개사사무소,2026-09-15,2026-09-29,2026-09-29,,,1
42224591,godeok_xi,sale,220000,,108,고,84.44,110.43,,위너스부동산래미안라그란데단지내아이파크자이중개사사무소,2026-09-15,2026-09-29,2026-09-29,,,1
42245174,godeok_xi,sale,220000,,114,저,84.44,110.43,풀에어컨 풀옵션 엘베2대,고덕자이(441-0109)공인중개사사무소,2026-09-16,2026-09-29,2026-09-29,,,1
42250741,godeok_xi,sale,245000,,117,고,101.04,127.09,"입주매매 38p, 방4개, 로얄동층 탁트인뷰 선호평형 초품아 세대창고",고덕굿모닝(437-6009)공인중개사사무소,2026-09-16,2026-09-29,2026-09-29,,,1
42250938,godeok_xi,sale,220000,,108,고,84.73,110.00,입주가능 초품아 학교인근 채광 조망 굿 로얄동 학군우수 커뮤니티 우수,고덕시온공인중개사사무소,2026-09-16,2026-09-29,2026-09-29,,,1
42250939,godeok_xi,sale,220000,,109,저,84.97,109.92,입주 로얄동 채광 조망 굿 학군우수 초품아 커뮤니티 우수,고덕시온공인중개사사무소,2026-09-16,2026-09-29,2026-09-29,,,1
42269745,godeok_xi,sale,185000,,102,고,59.93,83.30,강추 입주매물 로얄동층 탁트인조망 정남향 컨디션최상,고덕선경(428-3939)공인중개사사무소,2026-09-17,2026-09-29,2026-09-29,,,1
42271007,godeok_xi,sale,217000,,110,중,84.44,110.43,풀에어컨 트인뷰 엘베2대,고덕자이(441-0109)공인중개사사무소,2026-09-17,2026-09-29,2026-09-29,,,1
42273031,godeok_xi,sale,220000,,104,중,84.44,110.43,풀에어컨 트인뷰 엘베2대,고덕자이(441-0109)공인중개사사무소,2026-09-17,2026-09-29,2026-09-29,,,1
42273127,godeok_xi,sale,210000,,103,저,84.97,109.92,풀에어컨 트인뷰엘베2대,고덕자이(441-0109)공인중개사사무소,2026-09-17,2026-09-29,2026-09-29,,,1
42280232,godeok_xi,sale,200000,,119,14,74.30,99.02,"입주매매,올확장,풀옵션,채광좋은 집, 입주협의됩니다",단지내이레(443-6606)공인중개사사무소,2026-09-17,2026-09-29,2026-09-29,,,1
42280481,godeok_xi,sale,188000,,111,고,59.93,83.30,"뛰어라,풀에어컨,트인뷰,입주매매,안방붙박이장,로얄동",뛰어라공인중개사사무소,2026-09-17,2026-09-29,2026-09-29,,,1
42289329,godeok_xi,wolse,58000,400,116,저,118.44,146.48,44p 풀옵션 초품아 공원뷰 입주일조정가능,고덕리더스공인중개사사무소,2026-09-17,2026-09-29,2026-09-29,,,1
42290113,godeok_xi,sale,185000,,119,중,59.93,83.30,세안고 로얄동 채광 조망 굿 초품아 학군우수 커뮤니티 우수,고덕시온공인중개사사무소,2026-09-17,2026-09-29,2026-09-29,,,1
42290387,godeok_xi,sale,200000,,111,중,74.82,98.73,"세안고, 초품아 해잘들고 관리잘된집 커뮤니티시설우수 세대창고",고덕굿모닝(437-6009)공인중개사사무소,2026-09-17,2026-09-29,2026-09-29,,,1
42320697,godeok_xi,sale,255000,,116,고,118.44,146.48,"남향,고층트인 전망, 고일초근접, 커뮤니티우수",고일공인중개사사무소,2026-09-18,2026-09-29,2026-09-29,,,1
42326069,godeok_xi,sale,220000,,108,9,84.73,110.00,정남향 밝은집,고덕자이(441-0109)공인중개사사무소,2026-09-18,2026-09-29,2026-09-29,,,1
42332200,godeok_xi,sale,270000,,116,고,118.44,146.48,"풀옵션, 정남향, 초품아 우수학군, 우수커뮤니티, 조합원물건",고덕굿모닝(437-6009)공인중개사사무소,2026-09-18,2026-09-29,2026-09-29,,,1
42332225,godeok_xi,wolse,58000,400,116,저,118.44,146.48,"큰평수 정남향 탁트인뷰, 세대지하창고, 에풀,초품아, 커뮤니티우수",고덕굿모닝(437-6009)공인중개사사무소,2026-09-18,2026-09-29,2026-09-29,,,1
42332505,godeok_xi,sale,185000,,105,저,59.93,83.30,늦은입주 귀한 매물 채광 조망 굿 초품아 학군우수 커뮤니티 우수,고덕시온공인중개사사무소,2026-09-18,2026-09-29,2026-09-29,,,1
42335846,godeok_xi,sale,217000,,109,고,84.44,110.43,대단지역세권 명문학군 커뮤니티 풀옵션 인테리어 롯데타워전망 입주,고덕거성공인중개사사무소,2026-09-18,2026-09-29,2026-09-29,,,1
42335847,godeok_xi,sale,218000,,109,저,84.97,109.92,대단지역세권 명문학군 커뮤니티 풀옵션 입주가능,고덕거성공인중개사사무소,2026-09-18,2026-09-29,2026-09-29,,,1
42343244,godeok_xi,sale,220000,,108,9,84.73,110.00,"올확장, 풀옵션,트인뷰의 정남향으로 채광좋아요",단지내이레(443-6606)공인중개사사무소,2026-09-18,2026-09-29,2026-09-29,,,1
42365284,godeok_xi,sale,188000,,111,21,59.93,83.30,입주매매 풀에어컨 트인뷰,고덕자이(441-0109)공인중개사사무소,2026-09-19,2026-09-29,2026-09-29,,,1
42368896,godeok_xi,sale,270000,,116,13,118.44,146.48,"커뮤니티최고시설,풀옵션,학세권고일초5분거리,정상입주",경성공인중개사사무소,2026-09-19,2026-09-29,2026-09-29,,,1
42368901,godeok_xi,sale,180000,,115,2,59.70,84.28,"커뮤니티최고시설,풀옵션,학세권고일초5분거리,세끼고",경성공인중개사사무소,2026-09-19,2026-09-29,2026-09-29,,,1
42368902,godeok_xi,sale,188000,,111,21,59.93,83.30,"커뮤니티최고시설,풀옵션,학세권고일초5분거리,정상입주",경성공인중개사사무소,2026-09-19,2026-09-29,2026-09-29,,,1
42368903,godeok_xi,sale,207000,,109,25,84.97,109.92,"커뮤니티최고시설,풀옵션,학세권고일초5분거리,세끼고",경성공인중개사사무소,2026-09-19,2026-09-29,2026-09-29,,,1
42368910,godeok_xi,sale,220000,,104,중,84.44,110.43,"커뮤니티최고시설,풀에어컨,학세권고일초5분거리, 정상입주",경성공인중개사사무소,2026-09-19,2026-09-29,2026-09-29,,,1
42368924,godeok_xi,sale,220000,,114,고,84.97,109.92,"커뮤니티최고시설,풀에어컨,학세권고일초5분거리,정상입주",경성공인중개사사무소,2026-09-19,2026-09-29,2026-09-29,,,1
42368926,godeok_xi,wolse,30000,300,110,중,84.44,110.43,"커뮤니티최고시설,풀에어컨,학세권고일초5분거리, 융무, 정상입주",경성공인중개사사무소,2026-09-19,2026-09-29,2026-09-29,,,1
42368928,godeok_xi,sale,185000,,119,중,59.93,83.30,"커뮤니티최고시설, 시스템 에어컨, 트인뷰, 늦은 입주",경성공인중개사사무소,2026-09-19,2026-09-29,2026-09-29,,,1
42368941,godeok_xi,sale,185000,,105,저,59.93,83.30,"커뮤니티최고시설,풀옵션,학세권고일초5분거리,정상입주",경성공인중개사사무소,2026-09-19,2026-09-29,2026-09-29,,,1
42368942,godeok_xi,sale,220000,,114,저,84.44,110.43,"커뮤니티최고시설,풀옵션,학세권고일초5분거리",경성공인중개사사무소,2026-09-19,2026-09-29,2026-09-29,,,1
42368943,godeok_xi,sale,217000,,110,중,84.44,110.43,"커뮤니티최고시설,풀옵션,학세권고일초5분거리,정상입주",경성공인중개사사무소,2026-09-19,2026-09-29,2026-09-29,,,1
42368949,godeok_xi,sale,200000,,111,중,74.82,98.73,"커뮤니티최고시설,풀옵션,학세권고일초5분거리,세끼고",경성공인중개사사무소,2026-09-19,2026-09-29,2026-09-29,,,1
42368956,godeok_xi,sale,185000,,115,저,59.93,83.30,"커뮤니티최고시설,풀옵션,학세권고일초5분거리,정상입주",경성공인중개사사무소,2026-09-19,2026-09-29,2026-09-29,,,1
42368963,godeok_xi,sale,200000,,111,중,74.30,99.02,"커뮤니티최고시설,풀옵션,학세권고일초5분거리,정상입주",경성공인중개사사무소,2026-09-19,2026-09-29,2026-09-29,,,1
42376925,godeok_xi,sale,180000,,115,2,59.70,84.28,세안고매매 풀에어컨 초품아 대단지커뮤니티 지하세대창고,강동위드공인중개사사무소,2026-09-19,2026-09-29,2026-09-29,,,1
42376928,godeok_xi,sale,220000,,119,고,74.82,98.73,세안고매매 풀옵션 시원한 트인뷰 지하세대창고 초품아 커뮤니티우수,강동위드공인중개사사무소,2026-09-19,2026-09-29,2026-09-29,,,1
42381100,godeok_xi,sale,200000,,119,14,74.30,99.02,"입주매매, 확트인뷰, 시스템에어컨풀, 초품아, 커뮤니티시설우수",고덕굿모닝(437-6009)공인중개사사무소,2026-09-19,2026-09-29,2026-09-29,,,1
42381144,godeok_xi,sale,213000,,118,고,84.44,110.43,"시스템에어컨, 로얄동층 탁트인뷰, 세대지하창고, 우수커뮤니티",고덕굿모닝(437-6009)공인중개사사무소,2026-09-19,2026-09-29,2026-09-29,,,1
42410778,godeok_xi,sale,207000,,109,25,84.97,109.92,전세안고 풀에어컨 트인뷰 엘베2대,고덕자이(441-0109)공인중개사사무소,2026-09-21,2026-09-29,2026-09-29,,,1
42415109,godeok_xi,sale,270000,,116,고,118.44,146.48,남향 트인뷰 채광우수 풀옵션 입주협의 대단지 커뮤너티,고덕무지개공인중개사사무소,2026-09-21,2026-09-29,2026-09-29,,,1
42418445,godeok_xi,sale,270000,,116,13,118.44,146.48,큰평수.확트인 스카이뷰 최상.초품아.우수 커뮤니티,키움공인중개사사무소,2026-09-21,2026-09-29,2026-09-29,,,1
42430264,godeok_xi,sale,215000,,108,저,84.44,110.43,"입주협의, 풀옵션, 넓은동간거리, 초품아, 지하세대창고",고덕굿모닝(437-6009)공인중개사사무소,2026-09-21,2026-09-29,2026-09-29,,,1
42448875,godeok_xi,sale,220000,,108,9,84.73,110.00,"34p 방4, 고일초 바로옆, 풀옵션, 정남향, 트인뷰, 정상입주",고덕리더스공인중개사사무소,2026-09-22,2026-09-29,2026-09-29,,,1
42448932,godeok_xi,sale,207000,,109,고,84.97,109.92,34p 강추 역세권 풀에어컨 조망굿 고일초 세안고,고덕리더스공인중개사사무소,2026-09-22,2026-09-29,2026-09-29,,,1
42448934,godeok_xi,sale,215000,,108,저,84.44,110.43,"34p 고일초 바로옆 초품아, 조망굿, 채광굿 트인뷰, 입주협의",고덕리더스공인중개사사무소,2026-09-22,2026-09-29,2026-09-29,,,1
42449336,godeok_xi,sale,207000,,109,25,84.97,109.92,"로얄동층,세안고매매,초품아,뷰굿,채광굿,가성비굿",고덕현대공인중개사사무소,2026-09-22,2026-09-29,2026-09-29,,,1
42449347,godeok_xi,sale,180000,,115,저,59.70,84.28,"세안고매매,구조좋음,초품아,편리한생활인프라,뷰좋음",고덕현대공인중개사사무소,2026-09-22,2026-09-29,2026-09-29,,,1
42449355,godeok_xi,sale,200000,,119,중,74.30,99.02,"입주매매, 로얄층, 풀에어컨, 초품아, 커뮤니티 시설 우수",고덕현대공인중개사사무소,2026-09-22,2026-09-29,2026-09-29,,,1
42455566,godeok_xi,sale,238000,,117,12,101.99,128.29,"넓은평수, 에풀, 개방감굿 탁트인뷰, 고일초초품아, 커뮤니티우수",고덕굿모닝(437-6009)공인중개사사무소,2026-09-22,2026-09-29,2026-09-29,,,1
42455577,godeok_xi,jeonse,84000,,102,저,59.93,83.30,"에풀, 선호평형 정남향, 단.독. 상가이용편리, 세대창고, 우수커뮤",고덕굿모닝(437-6009)공인중개사사무소,2026-09-22,2026-09-29,2026-09-29,,,1
42455578,godeok_xi,wolse,50000,130,102,저,59.93,83.30,"단.독. 에풀, 정남향, 세대창고, 상가이용편리, 커뮤우수, 고일초초품아",고덕굿모닝(437-6009)공인중개사사무소,2026-09-22,2026-09-29,2026-09-29,,,1
42455579,godeok_xi,sale,220000,,104,중,84.44,110.43,"입주매매, 에풀, 고일초초품아, 세대지하창고, 우수커뮤니티",고덕굿모닝(437-6009)공인중개사사무소,2026-09-22,2026-09-29,2026-09-29,,,1
42455580,godeok_xi,sale,218000,,109,저,84.97,109.92,"추천,에풀, 로얄동 이쁜뷰, 세대창고, 고일초초품아, 우수커뮤",고덕굿모닝(437-6009)공인중개사사무소,2026-09-22,2026-09-29,2026-09-29,,,1
42455582,godeok_xi,sale,217000,,110,중,84.44,110.43,"입주매매, 수납공간밚은집, 풀옵션,초품아, 세대 창고,엘베2대",고덕굿모닝(437-6009)공인중개사사무소,2026-09-22,2026-09-29,2026-09-29,,,1
42460065,godeok_xi,sale,220000,,109,저,84.97,109.92,로얄동층. 초품아. 풀에어컨. 트인뷰. 방3. 집보실수있어요,강동위드공인중개사사무소,2026-09-22,2026-09-29,2026-09-29,,,1
42468916,godeok_xi,jeonse,85000,,106,고,59.93,83.30,강추 귀한전세 탁트인조망 정남향 밝고환한집 시스템에어컨 손님만,고덕선경(428-3939)공인중개사사무소,2026-09-22,2026-09-29,2026-09-29,,,1
42470061,godeok_xi,sale,188000,,111,21,59.93,83.30,"트인뷰,에어컨 풀,우수한 커뮤니티,입주협의",센트럴부자공인중개사사무소,2026-09-22,2026-09-29,2026-09-29,,,1
42470064,godeok_xi,sale,185000,,105,저,59.93,83.30,"파노라마 트인뷰,9호선 호재 단지,에어컨 풀,입주 정상",센트럴부자공인중개사사무소,2026-09-22,2026-09-29,2026-09-29,,,1
42470065,godeok_xi,sale,185000,,115,저,59.93,83.30,"트인뷰,시,에 ,계절 창고 ,다양한 커뮤니티.늦은 입주",센트럴부자공인중개사사무소,2026-09-22,2026-09-29,2026-09-29,,,1
42470068,godeok_xi,sale,180000,,115,저,59.70,84.28,"최상의 전면뷰,에어컨 풀,계절 창고,세안고",센트럴부자공인중개사사무소,2026-09-22,2026-09-29,2026-09-29,,,1
42470069,godeok_xi,sale,207000,,109,고,84.97,109.92,"전면이 트인뷰,에어컨 풀,중문 세안고",센트럴부자공인중개사사무소,2026-09-22,2026-09-29,2026-09-29,,,1
42470070,godeok_xi,wolse,30000,300,110,중,84.44,110.43,"전면이 트인 뷰,에어컨 풀,중 문,수납 공간 탁월 12월 10일 이후 입",센트럴부자공인중개사사무소,2026-09-22,2026-09-29,2026-09-29,,,1
42470073,godeok_xi,sale,185000,,119,중,59.93,83.30,"고덕천뷰,에어컨 ,다양한 커뮤니티,초품아 늦은입주",센트럴부자공인중개사사무소,2026-09-22,2026-09-29,2026-09-29,,,1
42472770,godeok_xi,sale,185000,,115,저,59.93,83.30,입주매매 시스템에어컨 트인뷰,고덕자이(441-0109)공인중개사사무소,2026-09-22,2026-09-29,2026-09-29,,,1
42472771,godeok_xi,sale,185000,,119,중,59.93,83.30,뻥뷰 늦은입주 채광 굳,고덕자이(441-0109)공인중개사사무소,2026-09-22,2026-09-29,2026-09-29,,,1
42496197,godeok_xi,sale,188000,,111,21,59.93,83.30,입주가능 로얄동층 가든뷰좋음 풀에어컨 채광좋은집 초품아,고덕스카이공인중개사,2026-09-23,2026-09-29,2026-09-29,,,1
42496208,godeok_xi,sale,220000,,104,중,84.44,110.43,입주가능 지하철가까운로얄동층 전망양호 풀에어컨 초품아,고덕스카이공인중개사,2026-09-23,2026-09-29,2026-09-29,,,1
42496211,godeok_xi,sale,200000,,111,중,74.30,99.02,입주가능 탁트인뷰좋음 채광좋은로얄동층 풀에어컨 초품아,고덕스카이공인중개사,2026-09-23,2026-09-29,2026-09-29,,,1
42498406,godeok_xi,sale,217000,,110,중,84.44,110.43,추천 내년입주 전망이끝내주고 옵션이 좋아요 편의시설좋아요 초품아예요,조은동네부동산426-9800공인중개사사무소,2026-09-23,2026-09-29,2026-09-29,,,1
42500595,godeok_xi,sale,207000,,109,25,84.97,109.92,"세안고 매매 ,방3개, 풀시스템에어컨,조합원옵션,로얄동층",단지내이레(443-6606)공인중개사사무소,2026-09-23,2026-09-29,2026-09-29,,,1
42503568,godeok_xi,sale,218000,,109,저,84.97,109.92,"커뮤니티최고시설,풀옵션,학세권고일초5분거리,정상입주",경성공인중개사사무소,2026-09-23,2026-09-29,2026-09-29,,,1
42503569,godeok_xi,sale,220000,,119,고,74.82,98.73,"커뮤니티최고시설,풀에어컨,학세권고일초5분거리,세끼고",경성공인중개사사무소,2026-09-23,2026-09-29,2026-09-29,,,1
42503570,godeok_xi,sale,220000,,109,저,84.97,109.92,"커뮤니티최고시설,풀옵션,학세권고일초5분거리,정상입주",경성공인중개사사무소,2026-09-23,2026-09-29,2026-09-29,,,1
42503571,godeok_xi,sale,220000,,110,중,84.44,110.43,"커뮤니티최고시설,풀옵션,학세권고일초5분거리,정상입주",경성공인중개사사무소,2026-09-23,2026-09-29,2026-09-29,,,1
42503575,godeok_xi,sale,205000,,109,저,84.97,109.92,"커뮤니티최고시설,풀옵션,학세권고일초5분거리",경성공인중개사사무소,2026-09-23,2026-09-29,2026-09-29,,,1
42503576,godeok_xi,sale,190000,,102,저,59.93,83.30,"커뮤니티최고시설, 지하철 가까운 동, 상가 이용 편리, 학세권",경성공인중개사사무소,2026-09-23,2026-09-29,2026-09-29,,,1
42505943,godeok_xi,wolse,30000,300,110,중,84.44,110.43,STAR추천 로얄동 중문 풀에어컨 관리잘된집,고덕스타공인중개사사무소,2026-09-23,2026-09-29,2026-09-29,,,1
42509132,godeok_xi,sale,185000,,102,11,59.93,83.30,강추 입주매물 로얄동 정남향 트인조망 풀옵션 컨디션최상 초품아,고덕선경(428-3939)공인중개사사무소,2026-09-23,2026-09-29,2026-09-29,,,1
42509669,godeok_xi,sale,185000,,115,저,59.93,83.30,"늦은 입주, 시스템에어컨, 채광 통풍 굿, 초품아, 커뮤니티우수",고덕현대공인중개사사무소,2026-09-23,2026-09-29,2026-09-29,,,1
42509939,godeok_xi,sale,207000,,109,25,84.97,109.92,로얄동층.확트인 채광좋은뷰.풀에어컨.초품아.우수 커뮤니티,키움공인중개사사무소,2026-09-23,2026-09-29,2026-09-29,,,1
42509940,godeok_xi,sale,188000,,111,21,59.93,83.30,로얄동층. 풀에어컨.채광좋은 트인뷰.초품아.우수 커뮤니티,키움공인중개사사무소,2026-09-23,2026-09-29,2026-09-29,,,1
42509949,godeok_xi,sale,205000,,109,저,84.97,109.92,채광좋은 선호타입.풀에어컨.전철역 도보권.초품아. 우수커뮤니티,키움공인중개사사무소,2026-09-23,2026-09-29,2026-09-29,,,1
42509950,godeok_xi,sale,185000,,105,저,59.93,83.30,로얄동층.탁트인 환한뷰. 풀에어컨.전철역 도보권.초품아,키움공인중개사사무소,2026-09-23,2026-09-29,2026-09-29,,,1
42512806,godeok_xi,sale,188000,,111,고,59.93,83.30,입주가능한 로얄동. 고층 트인뷰. 입주가능. 고일초. 옵션풍부,일등그라시움 부동산중개,2026-09-23,2026-09-29,2026-09-29,,,1
42513451,godeok_xi,jeonse,130000,,117,중,101.04,127.09,"38p 방4, 공원 뻥뷰 시스템에어컨 밝고 환한집",고덕리더스공인중개사사무소,2026-09-23,2026-09-29,2026-09-29,,,1
42515057,godeok_xi,sale,205000,,109,저,84.97,109.92,"급매,늦은입주,풀인테리어, 에어컨풀, 조용한 로얄동, 초품아",고덕굿모닝(437-6009)공인중개사사무소,2026-09-23,2026-09-29,2026-09-29,,,1
42515062,godeok_xi,sale,185000,,119,중,59.93,83.30,"탁트인뷰 선호평형, 시스템에어컨, 고일초초품아, 우수커뮤니티",고덕굿모닝(437-6009)공인중개사사무소,2026-09-23,2026-09-29,2026-09-29,,,1
42523405,godeok_xi,sale,270000,,116,13,118.44,146.48,,고덕자이(441-0109)공인중개사사무소,2026-09-23,2026-09-29,2026-09-29,,,1
42523407,godeok_xi,sale,200000,,119,14,74.30,99.02,정상입주 뻥뷰 풀에어컨 깨끗한집,고덕자이(441-0109)공인중개사사무소,2026-09-23,2026-09-29,2026-09-29,,,1
42523410,godeok_xi,sale,180000,,115,2,59.70,84.28,전세안고 풀에어컨 트인뷰 밝은집,고덕자이(441-0109)공인중개사사무소,2026-09-23,2026-09-29,2026-09-29,,,1
42523411,godeok_xi,sale,200000,,111,중,74.82,98.73,전세안고 풀에어컨 트인뷰,고덕자이(441-0109)공인중개사사무소,2026-09-23,2026-09-29,2026-09-29,,,1
42523413,godeok_xi,sale,238000,,117,중,101.99,128.29,시스템에어컨 막힘없는뷰 세안고매매,고덕자이(441-0109)공인중개사사무소,2026-09-23,2026-09-29,2026-09-29,,,1
42523414,godeok_xi,sale,220000,,109,저,84.97,109.92,풀에어컨 트인뷰,고덕자이(441-0109)공인중개사사무소,2026-09-23,2026-09-29,2026-09-29,,,1
42523416,godeok_xi,sale,185000,,105,저,59.93,83.30,트인뷰 밝은집 시스템에어컨,고덕자이(441-0109)공인중개사사무소,2026-09-23,2026-09-29,2026-09-29,,,1
42527428,godeok_xi,sale,188000,,111,고,59.93,83.30,"늦은입주,주인거주 관리상태최상, 고일초도보 5분컷, 에풀, 안방붙박이",고덕강남부동산 공인중개사 사무소,2026-09-23,2026-09-29,2026-09-29,,,1
42530287,godeok_xi,sale,200000,,105,고,74.82,98.73,"31, 입주,단지뷰,동간거리 넓음.,고일초, 버스정류장인접",고일공인중개사사무소,2026-09-23,2026-09-29,2026-09-29,,,1
42554019,godeok_xi,sale,185000,,102,고,59.93,83.30,로얄동 트인조망 남향 초품아 풀에어컨 중문 식세기,미래부동산공인중개사사무소,2026-09-28,2026-09-29,2026-09-29,,,1
42567924,godeok_xi,sale,185000,,102,11,59.93,83.30,입주급매 로얄동층 채광좋은정남향 풀에어컨 판상형 초품아,고덕스카이공인중개사,2026-09-28,2026-09-29,2026-09-29,,,1
42567927,godeok_xi,sale,200000,,119,14,74.30,99.02,추천입주매매 탁트인뷰최상 채광좋은로얄동층 풀에어컨 초품아,고덕스카이공인중개사,2026-09-28,2026-09-29,2026-09-29,,,1
42567928,godeok_xi,sale,207000,,109,25,84.97,109.92,추천세안고매매 로얄동층 풀시스템에어컨 초품아,고덕스카이공인중개사,2026-09-28,2026-09-29,2026-09-29,,,1
42567929,godeok_xi,sale,220000,,108,9,84.73,110.00,로얄동층 채광좋은정남향 풀시스템에어컨 초품아,고덕스카이공인중개사,2026-09-28,2026-09-29,2026-09-29,,,1
42567930,godeok_xi,sale,185000,,102,11,59.93,83.30,강추입주매매 지하철가까운로얄동층 정남향 풀에어컨 판상형,고덕스카이공인중개사,2026-09-28,2026-09-29,2026-09-29,,,1
42567932,godeok_xi,sale,180000,,115,2,59.70,84.28,세안고급매 탁트인뷰좋은로얄동 풀에어컨 초품아,고덕스카이공인중개사,2026-09-28,2026-09-29,2026-09-29,,,1
42567933,godeok_xi,sale,220000,,118,26,84.97,109.92,입주급매 탁트인뷰최상 풀시스템에어컨 판상형 초품아,고덕스카이공인중개사,2026-09-28,2026-09-29,2026-09-29,,,1
42567944,godeok_xi,sale,185000,,115,저,59.93,83.30,추천입주급매 로얄동 뷰양호 시스템에어컨 커뮤니티우수,고덕스카이공인중개사,2026-09-28,2026-09-29,2026-09-29,,,1
42567946,godeok_xi,sale,200000,,111,중,74.82,98.73,세안고매매 지하철가까운로얄동층 풀에어컨 채광좋은집 초품아,고덕스카이공인중개사,2026-09-28,2026-09-29,2026-09-29,,,1
42567947,godeok_xi,sale,205000,,109,저,84.97,109.92,세안고급매 채광좋은로얄동 풀에어컨 커뮤니티우수 초품아,고덕스카이공인중개사,2026-09-28,2026-09-29,2026-09-29,,,1
42567948,godeok_xi,sale,215000,,118,고,84.44,110.43,추천입주 탁트인뷰좋음 채광좋은로얄동층 풀에어컨 팬트리공간넓음,고덕스카이공인중개사,2026-09-28,2026-09-29,2026-09-29,,,1
42567951,godeok_xi,sale,220000,,114,고,84.97,109.92,강추입주 탁트인전망최고 로얄동층 풀에어컨 판상형 입주협의,고덕스카이공인중개사,2026-09-28,2026-09-29,2026-09-29,,,1
42567955,godeok_xi,wolse,30000,300,110,중,84.44,110.43,귀한월세 로얄동층 워터가든뷰 풀에어컨 2억340가능,고덕스카이공인중개사,2026-09-28,2026-09-29,2026-09-29,,,1
42567956,godeok_xi,sale,185000,,115,저,59.93,83.30,추천입주급매 로얄동 시스템에어컨 채광좋음 판상형,고덕스카이공인중개사,2026-09-28,2026-09-29,2026-09-29,,,1
42567957,godeok_xi,sale,185000,,105,저,59.93,83.30,추천급매 지하철가까운로얄동층 풀에어컨 판상형 초품아,고덕스카이공인중개사,2026-09-28,2026-09-29,2026-09-29,,,1
42567958,godeok_xi,sale,218000,,109,저,84.97,109.92,추천입주 로얄동층 풀시스템에어컨 풀옵션 워터가든뷰최상 초품아,고덕스카이공인중개사,2026-09-28,2026-09-29,2026-09-29,,,1
42567959,godeok_xi,jeonse,105000,,114,저,84.44,110.43,단독 추천급전세 풀시스템에어컨 풀옵션 넓은팬트리공간 커뮤니티우수,고덕스카이공인중개사,2026-09-28,2026-09-29,2026-09-29,,,1
42567960,godeok_xi,sale,217000,,110,중,84.44,110.43,늦은입주매매 로얄동층 풀에어컨 풀옵션 커뮤니티우수,고덕스카이공인중개사,2026-09-28,2026-09-29,2026-09-29,,,1
42567963,godeok_xi,sale,185000,,119,중,59.93,83.30,세안고 탁트인뷰최상 로얄동층 시스템에어컨 커뮤니티우수 초품아,고덕스카이공인중개사,2026-09-28,2026-09-29,2026-09-29,,,1
42567965,godeok_xi,sale,190000,,111,중,59.70,84.28,단독 강추 탁트인뷰최상 로얄동층 풀에어컨 커뮤니티우수 초품아,고덕스카이공인중개사,2026-09-28,2026-09-29,2026-09-29,,,1
42567967,godeok_xi,sale,236000,,117,고,101.99,128.29,단독 초급매 탁트인전망뷰최고 채광좋은로얄동층 풀에어컨 방4 초품아,고덕스카이공인중개사,2026-09-28,2026-09-29,2026-09-29,,,1
42567972,godeok_xi,sale,190000,,102,저,59.93,83.30,지하철가까운로얄동 정남향 고일초바로 커뮤니티우수 입주협의,고덕스카이공인중개사,2026-09-28,2026-09-29,2026-09-29,,,1
42567973,godeok_xi,sale,220000,,114,저,84.44,110.43,로얄동층 늦은입주 풀시스템에어컨 채광좋은집 팬트리공간,고덕스카이공인중개사,2026-09-28,2026-09-29,2026-09-29,,,1
42572395,godeok_xi,sale,185000,,106,저,59.93,83.30,"올확장,정남향의 채광좋은 집,찐풀옵션의 관리 잘 된 집",단지내이레(443-6606)공인중개사사무소,2026-09-28,2026-09-29,2026-09-29,,,1
42572397,godeok_xi,sale,185000,,105,저,59.93,83.30,"입주매매,올확장,초품아,풀시스템에어컨,조용한 집",단지내이레(443-6606)공인중개사사무소,2026-09-28,2026-09-29,2026-09-29,,,1
42572399,godeok_xi,wolse,30000,300,110,중,84.44,110.43,"융자없음, 풀시스템에어컨,보증금 조정가능,입주협의,초품아,세대지하창고",단지내이레(443-6606)공인중개사사무소,2026-09-28,2026-09-29,2026-09-29,,,1
42572400,godeok_xi,sale,200000,,111,중,74.30,99.02,"올확장, 단지내 트인뷰,풀시스템에어컨,하루종일 해드는 로얄동층",단지내이레(443-6606)공인중개사사무소,2026-09-28,2026-09-29,2026-09-29,,,1
42575295,godeok_xi,sale,200000,,119,중,74.30,99.02,입주 트인뷰 초품아 선호하는타입 좋은집입니다,대일공인중개사사무소,2026-09-28,2026-09-29,2026-09-29,,,1
42575297,godeok_xi,sale,185000,,102,고,59.93,83.30,입구 최고동 입주 초품아 상가근거리 풀옵션 입니다,대일공인중개사사무소,2026-09-28,2026-09-29,2026-09-29,,,1
42575299,godeok_xi,sale,218000,,109,저,84.97,109.92,트인뷰 시에5 초품아 고덕천 명문중고교학군근거리 깔끔하고 좋은집입니다,대일공인중개사사무소,2026-09-28,2026-09-29,2026-09-29,,,1
42575521,godeok_xi,sale,200000,,119,14,74.30,99.02,"커뮤니티최고시설,풀에어컨,학세권고일초5분거리,정상입주",경성공인중개사사무소,2026-09-28,2026-09-29,2026-09-29,,,1
42575768,godeok_xi,sale,207000,,109,25,84.97,109.92,로얄동층 세안고 풀에어컨 우수커뮤니티 고일초품아,파크자이(428-4270)공인중개사사무소,2026-09-28,2026-09-29,2026-09-29,,,1
42575769,godeok_xi,sale,220000,,108,9,84.73,110.00,입주매매 학교옆 로얄동호 풀에어컨 방4 중문 우수커뮤니티,파크자이(428-4270)공인중개사사무소,2026-09-28,2026-09-29,2026-09-29,,,1
42575780,godeok_xi,sale,220000,,109,저,84.97,109.92,에어컨5대 중문 고일초품아 우수커뮤니티 방3,파크자이(428-4270)공인중개사사무소,2026-09-28,2026-09-29,2026-09-29,,,1
42575781,godeok_xi,sale,205000,,109,저,84.97,109.92,풀에어컨 세안고 고일초품아 우수커뮤니티,파크자이(428-4270)공인중개사사무소,2026-09-28,2026-09-29,2026-09-29,,,1
42577424,godeok_xi,sale,270000,,116,13,118.44,146.48,입주 o 귀한대형평형 o 에어컨풀 o 정남향밝은집 o 트인뷰,롯데공인중개사사무소,2026-09-28,2026-09-29,2026-09-29,,,1
42577431,godeok_xi,sale,190000,,102,저,59.93,83.30,입주매매 27.2월 o 접근성. 인프라 최상 o 정원뷰,롯데공인중개사사무소,2026-09-28,2026-09-29,2026-09-29,,,1
42577574,godeok_xi,sale,210000,,110,19,84.44,110.43,STAR추천 로얄동 풀에어컨 관리잘된집,고덕스타공인중개사사무소,2026-09-28,2026-09-29,2026-09-29,,,1
42577586,godeok_xi,sale,217000,,110,중,84.44,110.43,STAR추천 로얄동 중문 늦은입주 풀에어컨 엘베2대,고덕스타공인중개사사무소,2026-09-28,2026-09-29,2026-09-29,,,1
42581355,godeok_xi,sale,185000,,105,저,59.93,83.30,"늦은입주,로얄동층,풀에어컨,초품아,강추",고덕현대공인중개사사무소,2026-09-28,2026-09-29,2026-09-29,,,1
42581364,godeok_xi,sale,218000,,109,저,84.97,109.92,"입주,로얄동, 풀에어컨, 예쁜 단지뷰, 명품커뮤니티",고덕현대공인중개사사무소,2026-09-28,2026-09-29,2026-09-29,,,1
42581668,godeok_xi,sale,220000,,108,9,84.73,110.00,초등바로.전철역.상가이용편리한동.풀에어컨.풀옵션.집상태굿,키움공인중개사사무소,2026-09-28,2026-09-29,2026-09-29,,,1
42581676,godeok_xi,sale,220000,,109,저,84.97,109.92,넓은거실.확트인뷰.선호타입.풀에어컨.전철역 도보권,키움공인중개사사무소,2026-09-28,2026-09-29,2026-09-29,,,1
42581678,godeok_xi,sale,185000,,119,저,59.93,83.30,추천.개방감좋은 뷰.초품아.풀에어컨.역 도보권.우수커뮤니티,키움공인중개사사무소,2026-09-28,2026-09-29,2026-09-29,,,1
42581682,godeok_xi,wolse,30000,300,110,중,84.44,110.43,로얄동층.탁트인 채광좋은뷰.풀에어컨.전철 도보권.우수커뮤니티,키움공인중개사사무소,2026-09-28,2026-09-29,2026-09-29,,,1
42582130,godeok_xi,sale,270000,,116,13,118.44,146.48,대단지역세권 명문학군 커뮤니티 풀옵션 입주가능,고덕거성공인중개사사무소,2026-09-28,2026-09-29,2026-09-29,,,1
42582131,godeok_xi,sale,220000,,108,9,84.73,110.00,대단지역세권 명문학군 커뮤니티 풀옵션 입주가능,고덕거성공인중개사사무소,2026-09-28,2026-09-29,2026-09-29,,,1
42582144,godeok_xi,sale,220000,,114,저,84.44,110.43,대단지역세권 명문학군 커뮤니티 풀옵션 늦은입주가능,고덕거성공인중개사사무소,2026-09-28,2026-09-29,2026-09-29,,,1
42582145,godeok_xi,sale,220000,,109,저,84.97,109.92,대단지역세권 명문학군 커뮤니티 풀옵션 입주가능,고덕거성공인중개사사무소,2026-09-28,2026-09-29,2026-09-29,,,1
42586056,godeok_xi,sale,200000,,119,중,74.30,99.02,"고덕천뷰,입주가,초품아,선호구조",고덕종점그라시움공인중개사사무소,2026-09-28,2026-09-29,2026-09-29,,,1
42586057,godeok_xi,sale,220000,,110,중,84.44,110.43,"탁트인뷰,입주,초품아,풀옵션",고덕종점그라시움공인중개사사무소,2026-09-28,2026-09-29,2026-09-29,,,1
42586896,godeok_xi,sale,180000,,115,2,59.70,84.28,"입주내년초, 시스템에어컨4대,개방감 좋은 트인뷰,초품아. 세대창고",고덕굿모닝(437-6009)공인중개사사무소,2026-09-28,2026-09-29,2026-09-29,,,1
42586899,godeok_xi,sale,188000,,111,21,59.93,83.30,"입주매매,시스템에어컨, 고일초초품아, 세대별지하창고, 우수커뮤니티",고덕굿모닝(437-6009)공인중개사사무소,2026-09-28,2026-09-29,2026-09-29,,,1
42586905,godeok_xi,sale,207000,,109,25,84.97,109.92,"로얄동,세안고 급매, 풀에어컨 트인뷰 초품아 지하세대별창고",고덕굿모닝(437-6009)공인중개사사무소,2026-09-28,2026-09-29,2026-09-29,,,1
42586909,godeok_xi,wolse,20000,340,110,중,84.44,110.43,"융무,보증금조정가. 시스템에어컨풀,수납공간많음, 세대지하창고,초품아",고덕굿모닝(437-6009)공인중개사사무소,2026-09-28,2026-09-29,2026-09-29,,,1
42586910,godeok_xi,sale,215000,,114,중,84.44,110.43,"추천저렴, 입주매매, 에풀, 세대지하창고, 초품아, 단독,우수커뮤니티",고덕굿모닝(437-6009)공인중개사사무소,2026-09-28,2026-09-29,2026-09-29,,,1
42586916,godeok_xi,sale,185000,,102,중,59.93,83.30,"정남향, 시스템에어컨, 지하철가까운동, 상가이용편리, 세대창고, 커뮤우수",고덕굿모닝(437-6009)공인중개사사무소,2026-09-28,2026-09-29,2026-09-29,,,1
42586918,godeok_xi,sale,185000,,115,저,59.93,83.30,"입주매매 시스템에어컨, 개방감 굿, 확장, 초품아, 세대지하창고",고덕굿모닝(437-6009)공인중개사사무소,2026-09-28,2026-09-29,2026-09-29,,,1
42586919,godeok_xi,sale,200000,,111,중,74.30,99.02,"입주매매, 풀옵션, 세대지하창고, 고일초초품아, 우수커뮤",고덕굿모닝(437-6009)공인중개사사무소,2026-09-28,2026-09-29,2026-09-29,,,1
42586924,godeok_xi,sale,185000,,105,저,59.93,83.30,"에풀, 선호평형, 고일초초품아, 세대지하창고, 우수커뮤니티",고덕굿모닝(437-6009)공인중개사사무소,2026-09-28,2026-09-29,2026-09-29,,,1
42586930,godeok_xi,wolse,30000,300,110,중,84.44,110.43,"보증금조정가, 에풀, 채광좋은집, 세대지하창고, 고일초초품아",고덕굿모닝(437-6009)공인중개사사무소,2026-09-28,2026-09-29,2026-09-29,,,1
42586931,godeok_xi,sale,215000,,118,고,84.44,110.43,"추천, 로얄동층, 탁트인뷰, 시스템에어컨 ,초품아, 우수커뮤니티",고덕굿모닝(437-6009)공인중개사사무소,2026-09-28,2026-09-29,2026-09-29,,,1
42591483,godeok_xi,sale,180000,,115,저,59.70,84.28,세안고 트인 고덕천뷰 풀에어컨 개별창고,고덕무지개공인중개사사무소,2026-09-28,2026-09-29,2026-09-29,,,1
42591484,godeok_xi,sale,207000,,109,고,84.97,109.92,세안고 풀에어컨 대단지 커뮤너티시설 학군 단지조성우수,고덕무지개공인중개사사무소,2026-09-28,2026-09-29,2026-09-29,,,1
42591486,godeok_xi,sale,200000,,119,중,74.30,99.02,입주추천 트인뷰 풀에어컨 입주정상 30P 알파룸,고덕무지개공인중개사사무소,2026-09-28,2026-09-29,2026-09-29,,,1
42594348,godeok_xi,sale,270000,,116,고,118.44,146.48,,강동위드공인중개사사무소,2026-09-28,2026-09-29,2026-09-29,,,1
42595945,godeok_xi,sale,230000,,107,11,84.73,110.00,풀에어컨 정남향 밝은집 입주가능,고덕자이(441-0109)공인중개사사무소,2026-09-28,2026-09-29,2026-09-29,,,1
42595946,godeok_xi,sale,185000,,102,11,59.93,83.30,입주매매 정남향 풀에어컨 깨끗하고예쁜집,고덕자이(441-0109)공인중개사사무소,2026-09-28,2026-09-29,2026-09-29,,,1
42595947,godeok_xi,sale,190000,,102,저,59.93,83.30,상가 지하철 이용편리 조용한 단지뷰,고덕자이(441-0109)공인중개사사무소,2026-09-28,2026-09-29,2026-09-29,,,1
42595949,godeok_xi,jeonse,130000,,117,중,101.04,127.09,풀에어컨 트인뷰 판상형,고덕자이(441-0109)공인중개사사무소,2026-09-28,2026-09-29,2026-09-29,,,1
42595950,godeok_xi,sale,220000,,114,고,84.97,109.92,입주가능 트인뷰 엘베2 로얄동,고덕자이(441-0109)공인중개사사무소,2026-09-28,2026-09-29,2026-09-29,,,1
42595952,godeok_xi,sale,200000,,111,중,74.30,99.02,정상입주 뻥뷰 풀에어컨 깨끗한집,고덕자이(441-0109)공인중개사사무소,2026-09-28,2026-09-29,2026-09-29,,,1
42595953,godeok_xi,sale,205000,,109,저,84.97,109.92,트인뷰 초품아 엘베2대 중앙동 생활편리,고덕자이(441-0109)공인중개사사무소,2026-09-28,2026-09-29,2026-09-29,,,1
42595955,godeok_xi,sale,245000,,117,고,101.04,127.09,단독 입주가능 풀에어컨 엘베2대 막힘없는뷰,고덕자이(441-0109)공인중개사사무소,2026-09-28,2026-09-29,2026-09-29,,,1
42595958,godeok_xi,wolse,30000,300,110,중,84.44,110.43,귀한 반전세 풀에어컨 밝고채광좋은집,고덕자이(441-0109)공인중개사사무소,2026-09-28,2026-09-29,2026-09-29,,,1
41950125,misa_thesharp_central_forest,sale,160000,,2303,저,101.81,132.40,주인거주 내부 깨끗.방4로 실용적 구조.,센트럴자이(031-793-5454)공인중개사사무소,2026-09-08,2026-09-29,2026-09-29,,,1
42017766,misa_thesharp_central_forest,sale,160000,,2303,저,101.81,132.40,"입주일 협의가능, 뷰 이쁜집, 학군 좋은 아파트",호반모아공인중개사사무소,2026-09-09,2026-09-29,2026-09-29,,,1
42202672,misa_thesharp_central_forest,sale,145000,,2304,고,84.03,110.41,"탁트인멋진고층전망, 시스에풀, 햇살밝은집,입주협의,관리잘된집,한홀초",미사제일풍경채공인중개사사무소,2026-09-15,2026-09-29,2026-09-29,,,1
42401913,misa_thesharp_central_forest,sale,130000,,2305,고,73.07,96.70,"입주강추,컨디션 최상,막힘없이 탁 틔인뷰",미사풍경채명인(795-3220)공인중개사사무소,2026-09-21,2026-09-29,2026-09-29,,,1
42488523,misa_thesharp_central_forest,sale,130000,,2305,고,73.07,96.70,선호도 높은 실속형 타입 즉시 안내 가능합니다,미사풍경채명인(795-3220)공인중개사사무소,2026-09-23,2026-09-29,2026-09-29,,,1
42525361,misa_thesharp_central_forest,sale,160000,,2303,저,101.81,132.40,"실입주,주인거주관리잘된집,탁트인안정적인초록뷰, 학원상가이용편리,한홀초",미사제일풍경채공인중개사사무소,2026-09-23,2026-09-29,2026-09-29,,,1
42525362,misa_thesharp_central_forest,sale,150000,,2303,고,93.06,122.39,"입주가, 시스에3, 중문, 관리잘된집, 시원한 뻥뷰,한홀초중,",미사제일풍경채공인중개사사무소,2026-09-23,2026-09-29,2026-09-29,,,1
42565520,misa_thesharp_central_forest,sale,160000,,2303,저,101.81,132.40,"예쁜 뷰, 한홀초 학군, 근린상가와 학원가 인접, 주인거주로 집상태 굿",미사은호(031-793-9006)공인중개사사무소,2026-09-28,2026-09-29,2026-09-29,,,1
42565522,misa_thesharp_central_forest,sale,130000,,2305,고,73.07,96.70,"에어컨 유, 막힘없이 트인뷰, 한홀초 학군, 어린이수영장, 근린상가이용",미사은호(031-793-9006)공인중개사사무소,2026-09-28,2026-09-29,2026-09-29,,,1
42565523,misa_thesharp_central_forest,sale,138000,,2304,중,84.03,110.41,"도배, 필름시공, 시스템에어컨, 트인 뷰, 한홀초 학군, 근린상가",미사은호(031-793-9006)공인중개사사무소,2026-09-28,2026-09-29,2026-09-29,,,1
42565696,misa_thesharp_central_forest,sale,145000,,2301,고,84.03,110.41,"시스에어4,식세기,탄성코트,깨끗한 집.조용하고 햇살 좋은집.",센트럴자이(031-793-5454)공인중개사사무소,2026-09-28,2026-09-29,2026-09-29,,,1
42571827,misa_thesharp_central_forest,wolse,72000,55,2304,고,84.03,110.41,채광 최고 열린뷰. 풀에어컨. 융무,미사서정(031-792-2444)공인중개사사무소,2026-09-28,2026-09-29,2026-09-29,,,1
42585528,misa_thesharp_central_forest,sale,145000,,2303,고,93.06,122.39,주인거주 깔끔 하며 에어컨3 중문 설치된 께끗한집,센트럴자이(031-795-1149)미사금호공인중개사사무소,2026-09-28,2026-09-29,2026-09-29,,,1
42585529,misa_thesharp_central_forest,sale,135000,,2305,고,73.02,96.14,"입주협의 세안고 전망남동향뻥뷰한홀초,중 강일미사역세권 학원상가인프라최",센트럴자이(031-795-1149)미사금호공인중개사사무소,2026-09-28,2026-09-29,2026-09-29,,,1
41871787,yeosu_central_town,sale,155000,,316,4,84.98,111.72,"야탑근거리,높은4층,정남향,판상형선호구조,기본깔끔한내부",가나공인중개사사무소,2026-09-05,2026-09-29,2026-09-29,,,1
42013248,yeosu_central_town,wolse,1000,250,307,2,84.98,111.72,"단기임대,11월23일이후",가나공인중개사사무소,2026-09-09,2026-09-29,2026-09-29,,,1
42341176,yeosu_central_town,sale,154500,,316,7,84.98,111.72,"정남향,마루 싱크대 부분수리,특깔끔,선호하는판상형구조",가나공인중개사사무소,2026-09-18,2026-09-29,2026-09-29,,,1
42431222,yeosu_central_town,sale,155000,,316,4,84.98,111.72,"ACE.조용한단지중앙.정남향.채광뷰좋음,내부컨디션굿.야탑역도보",에이스호반(02-400-5665)공인중개사사무소,2026-09-21,2026-09-29,2026-09-29,,,1
42503220,yeosu_central_town,sale,154500,,316,7,84.98,111.72,"정남향,마루전체교체,관리상태최상,모든방과거실남향,넓은드레스룸",가나공인중개사사무소,2026-09-23,2026-09-29,2026-09-29,,,1
42503221,yeosu_central_town,sale,155000,,316,4,84.98,111.72,"정남향,판상형,드레스룸있는선호구조,높은4층,기본깔끔한내부",가나공인중개사사무소,2026-09-23,2026-09-29,2026-09-29,,,1
42575149,yeosu_central_town,sale,150000,,312,3,84.92,111.64,"판상형4베이,야탑가까운동,예쁜조경전망,일조권좋은남서향",가나공인중개사사무소,2026-09-28,2026-09-29,2026-09-29,,,1
