week,series,value
2015-12-28,area,1.04861
2016-01-04,area,5.13147
2016-01-11,area,6.46091
2016-01-18,area,4.44973
2016-01-25,area,3.25267
2016-02-01,area,2.917
2016-02-08,area,4.52443
2016-02-15,area,5.13526
2016-02-22,area,8.95148
2016-02-29,area,7.206
2016-03-07,area,7.25801
2016-03-14,area,3.77556
2016-03-21,area,3.60725
2016-03-28,area,3.3529
2016-04-04,area,3.23376
2016-04-11,area,4.79486
2016-04-18,area,5.51253
2016-04-25,area,5.13715
2016-05-02,area,3.78029
2016-05-09,area,3.86633
2016-05-16,area,4.60197
2016-05-23,area,5.27331
2016-05-30,area,5.04732
2016-06-06,area,4.8081
2016-06-13,area,4.8185
2016-06-20,area,4.6795
2016-06-27,area,5.5929
2016-07-04,area,6.08647
2016-07-11,area,5.12391
2016-07-18,area,4.45824
2016-07-25,area,4.584
2016-08-01,area,4.30317
2016-08-08,area,4.341
2016-08-15,area,4.41664
2016-08-22,area,4.24361
2016-08-29,area,4.13865
2016-09-05,area,4.10461
2016-09-12,area,3.70843
2016-09-19,area,4.09705
2016-09-26,area,3.96089
2016-10-03,area,4.30507
2016-10-10,area,5.04921
2016-10-17,area,4.53011
2016-10-24,area,3.45218
2016-10-31,area,3.08342
2016-11-07,area,3.35196
2016-11-14,area,3.10139
2016-11-21,area,2.91511
2016-11-28,area,2.81867
2016-12-05,area,2.83758
2016-12-12,area,2.94821
2016-12-19,area,2.66833
2016-12-26,area,2.57472
2017-01-02,area,2.80543
2017-01-09,area,2.96523
2017-01-16,area,3.23376
2017-01-23,area,2.64469
2017-01-30,area,3.18459
2017-02-06,area,2.9709
2017-02-13,area,3.08909
2017-02-20,area,3.69046
2017-02-27,area,4.49512
2017-03-06,area,6.25573
2017-03-13,area,6.10917
2017-03-20,area,4.32303
2017-03-27,area,3.44084
2017-04-03,area,3.10422
2017-04-10,area,3.31886
2017-04-17,area,3.40963
2017-04-24,area,2.95483
2017-05-01,area,2.865
2017-05-08,area,3.06451
2017-05-15,area,3.44746
2017-05-22,area,4.74285
2017-05-29,area,4.6048
2017-06-05,area,6.34555
2017-06-12,area,6.22736
2017-06-19,area,4.83646
2017-06-26,area,4.24455
2017-07-03,area,4.26819
2017-07-10,area,4.41191
2017-07-17,area,5.2317
2017-07-24,area,5.39433
2017-07-31,area,6.51481
2017-08-07,area,6.15834
2017-08-14,area,5.84536
2017-08-21,area,6.16117
2017-08-28,area,5.07852
2017-09-04,area,5.90871
2017-09-11,area,4.97451
2017-09-18,area,5.35179
2017-09-25,area,4.04599
2017-10-02,area,3.41436
2017-10-09,area,4.39206
2017-10-16,area,4.14338
2017-10-23,area,4.25306
2017-10-30,area,4.21146
2017-11-06,area,4.26724
2017-11-13,area,4.49418
2017-11-20,area,3.8096
2017-11-27,area,4.06773
2017-12-04,area,4.00816
2017-12-11,area,4.91211
2017-12-18,area,5.22319
2017-12-25,area,5.50496
2018-01-01,area,6.48833
2018-01-08,area,7.87167
2018-01-15,area,9.18408
2018-01-22,area,8.54395
2018-01-29,area,8.91838
2018-02-05,area,7.4301
2018-02-12,area,6.10444
2018-02-19,area,6.33799
2018-02-26,area,5.99192
2018-03-05,area,5.85954
2018-03-12,area,6.04393
2018-03-19,area,7.16818
2018-03-26,area,7.99742
2018-04-02,area,10.84635
2018-04-09,area,13.99975
2018-04-16,area,13.78984
2018-04-23,area,16.77587
2018-04-30,area,21.40716
2018-05-07,area,38.40051
2018-05-14,area,35.5998
2018-05-21,area,30.10902
2018-05-28,area,35.63195
2018-06-04,area,33.10167
2018-06-11,area,100.0
2018-06-18,area,95.01791
2018-06-25,area,33.09316
2018-07-02,area,14.70702
2018-07-09,area,13.61869
2018-07-16,area,13.28681
2018-07-23,area,10.01427
2018-07-30,area,8.33309
2018-08-06,area,8.3416
2018-08-13,area,9.04698
2018-08-20,area,10.92294
2018-08-27,area,10.96644
2018-09-03,area,10.65819
2018-09-10,area,9.81854
2018-09-17,area,7.41213
2018-09-24,area,7.88207
2018-10-01,area,7.90098
2018-10-08,area,6.88452
2018-10-15,area,6.36163
2018-10-22,area,6.08364
2018-10-29,area,5.54468
2018-11-05,area,5.56832
2018-11-12,area,5.28843
2018-11-19,area,5.20806
2018-11-26,area,6.633
2018-12-03,area,5.25061
2018-12-10,area,4.76271
2018-12-17,area,5.14566
2018-12-24,area,5.22981
2018-12-31,area,5.45769
2019-01-07,area,5.70826
2019-01-14,area,5.76783
2019-01-21,area,5.86143
2019-01-28,area,5.62978
2019-02-04,area,6.47509
2019-02-11,area,5.61654
2019-02-18,area,6.11484
2019-02-25,area,5.50402
2019-03-04,area,5.06812
2019-03-11,area,5.15606
2019-03-18,area,5.40757
2019-03-25,area,5.44161
2019-04-01,area,5.41797
2019-04-08,area,5.31775
2019-04-15,area,5.21374
2019-04-22,area,5.50591
2019-04-29,area,5.25912
2019-05-06,area,5.98625
2019-05-13,area,5.91628
2019-05-20,area,5.76215
2019-05-27,area,6.15834
2019-06-03,area,6.25573
2019-06-10,area,6.3985
2019-06-17,area,6.64435
2019-06-24,area,6.75119
2019-07-01,area,6.3569
2019-07-08,area,7.03297
2019-07-15,area,7.31758
2019-07-22,area,7.10956
2019-07-29,area,6.73701
2019-08-05,area,7.1748
2019-08-12,area,8.15533
2019-08-19,area,7.52087
2019-08-26,area,7.42442
2019-09-02,area,6.68784
2019-09-09,area,6.45051
2019-09-16,area,7.89909
2019-09-23,area,8.15533
2019-09-30,area,7.8017
2019-10-07,area,7.79319
2019-10-14,area,8.02012
2019-10-21,area,8.69334
2019-10-28,area,9.36657
2019-11-04,area,9.76843
2019-11-11,area,8.89569
2019-11-18,area,9.59729
2019-11-25,area,9.85069
2019-12-02,area,9.63795
2019-12-09,area,10.04737
2019-12-16,area,10.74991
2019-12-23,area,9.62471
2019-12-30,area,8.91271
2020-01-06,area,9.33821
2020-01-13,area,10.23269
2020-01-20,area,8.95242
2020-01-27,area,8.9581
2020-02-03,area,8.9685
2020-02-10,area,9.46018
2020-02-17,area,8.25272
2020-02-24,area,7.10861
2020-03-02,area,8.47209
2020-03-09,area,7.77711
2020-03-16,area,7.61731
2020-03-23,area,6.87506
2020-03-30,area,7.15683
2020-04-06,area,7.88018
2020-04-13,area,7.85559
2020-04-20,area,7.88774
2020-04-27,area,8.16006
2020-05-04,area,7.89247
2020-05-11,area,7.65703
2020-05-18,area,8.67349
2020-05-25,area,8.4598
2020-06-01,area,9.35995
2020-06-08,area,9.83367
2020-06-15,area,10.6979
2020-06-22,area,11.56591
2020-06-29,area,13.20454
2020-07-06,area,13.33598
2020-07-13,area,11.45245
2020-07-20,area,11.49405
2020-07-27,area,11.03073
2020-08-03,area,11.30683
2020-08-10,area,10.8161
2020-08-17,area,10.26011
2020-08-24,area,9.94714
2020-08-31,area,10.50312
2020-09-07,area,11.64818
2020-09-14,area,12.05287
2020-09-21,area,10.79718
2020-09-28,area,9.61242
2020-10-05,area,11.09503
2020-10-12,area,12.28169
2020-10-19,area,12.67882
2020-10-26,area,11.65858
2020-11-02,area,12.77527
2020-11-09,area,14.15009
2020-11-16,area,15.42185
2020-11-23,area,17.80557
2020-11-30,area,17.93038
2020-12-07,area,16.39104
2020-12-14,area,14.44321
2020-12-21,area,14.00542
2020-12-28,area,15.21194
2021-01-04,area,15.74334
2021-01-11,area,16.87326
2021-01-18,area,16.69172
2021-01-25,area,16.81748
2021-02-01,area,14.89896
2021-02-08,area,14.19831
2021-02-15,area,14.46496
2021-02-22,area,13.02205
2021-03-01,area,11.98195
2021-03-08,area,12.54834
2021-03-15,area,11.82121
2021-03-22,area,12.50484
2021-03-29,area,10.86621
2021-04-05,area,12.42447
2021-04-12,area,20.51551
2021-04-19,area,10.78584
2021-04-26,area,13.00503
2021-05-03,area,9.75047
2021-05-10,area,9.11979
2021-05-17,area,8.51936
2021-05-24,area,9.23893
2021-05-31,area,9.37603
2021-06-07,area,8.67822
2021-06-14,area,8.43994
2021-06-21,area,8.49856
2021-06-28,area,8.2896
2021-07-05,area,8.1714
2021-07-12,area,8.78979
2021-07-19,area,9.36279
2021-07-26,area,8.75859
2021-08-02,area,9.15477
2021-08-09,area,9.13397
2021-08-16,area,9.46113
2021-08-23,area,9.13397
2021-08-30,area,9.23325
2021-09-06,area,9.06873
2021-09-13,area,8.37375
2021-09-20,area,9.37981
2021-09-27,area,9.04887
2021-10-04,area,8.96755
2021-10-11,area,17.53704
2021-10-18,area,8.42859
2021-10-25,area,7.68634
2021-11-01,area,7.59273
2021-11-08,area,7.39795
2021-11-15,area,7.16818
2021-11-22,area,6.94598
2021-11-29,area,6.72566
2021-12-06,area,7.71376
2021-12-13,area,7.52465
2021-12-20,area,7.206
2021-12-27,area,7.76387
2022-01-03,area,7.77049
2022-01-10,area,8.23665
2022-01-17,area,8.73306
2022-01-24,area,8.6177
2022-01-31,area,8.84463
2022-02-07,area,8.03146
2022-02-14,area,8.15155
2022-02-21,area,7.51519
2022-02-28,area,6.77861
2022-03-07,area,7.98419
2022-03-14,area,10.40762
2022-03-21,area,8.38037
2022-03-28,area,8.30756
2022-04-04,area,8.06928
2022-04-11,area,8.17897
2022-04-18,area,8.21395
2022-04-25,area,8.9354
2022-05-02,area,8.2792
2022-05-09,area,8.41535
2022-05-16,area,8.76804
2022-05-23,area,8.90893
2022-05-30,area,8.70847
2022-06-06,area,8.84085
2022-06-13,area,8.43994
2022-06-20,area,7.90949
2022-06-27,area,7.9908
2022-07-04,area,7.86032
2022-07-11,area,8.2669
2022-07-18,area,7.68918
2022-07-25,area,7.75915
2022-08-01,area,8.60163
2022-08-08,area,8.20828
2022-08-15,area,9.7117
2022-08-22,area,12.46324
2022-08-29,area,9.90648
2022-09-05,area,8.70185
2022-09-12,area,9.74196
2022-09-19,area,9.49517
2022-09-26,area,8.57042
2022-10-03,area,8.83139
2022-10-10,area,9.72304
2022-10-17,area,9.63227
2022-10-24,area,9.78545
2022-10-31,area,10.21189
2022-11-07,area,11.74462
2022-11-14,area,11.72004
2022-11-21,area,12.00748
2022-11-28,area,10.26295
2022-12-05,area,11.39193
2022-12-12,area,13.42769
2022-12-19,area,13.19698
2022-12-26,area,12.24671
2023-01-02,area,13.38231
2023-01-09,area,12.86888
2023-01-16,area,11.32669
2023-01-23,area,13.16861
2023-01-30,area,20.53253
2023-02-06,area,22.60327
2023-02-13,area,18.68966
2023-02-20,area,14.24654
2023-02-27,area,12.55874
2023-03-06,area,11.96966
2023-03-13,area,13.50996
2023-03-20,area,13.88534
2023-03-27,area,12.02261
2023-04-03,area,10.45395
2023-04-10,area,8.86354
2023-04-17,area,8.96472
2023-04-24,area,7.67405
2023-05-01,area,7.96527
2023-05-08,area,8.13642
2023-05-15,area,7.85181
2023-05-22,area,7.52181
2023-05-29,area,8.36902
2023-06-05,area,8.02863
2023-06-12,area,9.49895
2023-06-19,area,8.42292
2023-06-26,area,7.90192
2023-07-03,area,8.2792
2023-07-10,area,7.89058
2023-07-17,area,7.37053
2023-07-24,area,6.90721
2023-07-31,area,7.14738
2023-08-07,area,6.5271
2023-08-14,area,6.92707
2023-08-21,area,6.76727
2023-08-28,area,6.85709
2023-09-04,area,6.82684
2023-09-11,area,6.96772
2023-09-18,area,6.41552
2023-09-25,area,5.93992
2023-10-02,area,6.97812
2023-10-09,area,7.30717
2023-10-16,area,6.69257
2023-10-23,area,6.13281
2023-10-30,area,7.35256
2023-11-06,area,6.05149
2023-11-13,area,6.32853
2023-11-20,area,6.49306
2023-11-27,area,6.5791
2023-12-04,area,6.85709
2023-12-11,area,6.88262
2023-12-18,area,6.25762
2023-12-25,area,6.72661
2024-01-01,area,7.57666
2024-01-08,area,8.10332
2024-01-15,area,7.58327
2024-01-22,area,8.46452
2024-01-29,area,7.43104
2024-02-05,area,6.52994
2024-02-12,area,7.19938
2024-02-19,area,6.75025
2024-02-26,area,6.73512
2024-03-04,area,6.77861
2024-03-11,area,6.7077
2024-03-18,area,6.35879
2024-03-25,area,6.1347
2024-04-01,area,5.76026
2024-04-08,area,6.22642
2024-04-15,area,6.45618
2024-04-22,area,6.41836
2024-04-29,area,6.2302
2024-05-06,area,6.54696
2024-05-13,area,6.87979
2024-05-20,area,7.17953
2024-05-27,area,6.98474
2024-06-03,area,6.82589
2024-06-10,area,6.963
2024-06-17,area,7.48494
2024-06-24,area,7.71187
2024-07-01,area,7.32703
2024-07-08,area,7.80075
2024-07-15,area,7.87734
2024-07-22,area,6.92896
2024-07-29,area,6.772
2024-08-05,area,6.57721
2024-08-12,area,7.17669
2024-08-19,area,7.26462
2024-08-26,area,6.79753
2024-09-02,area,6.45524
2024-09-09,area,6.03447
2024-09-16,area,6.21601
2024-09-23,area,6.3361
2024-09-30,area,5.60803
2024-10-07,area,6.05716
2024-10-14,area,5.97585
2024-10-21,area,5.71298
2024-10-28,area,5.87562
2024-11-04,area,5.95221
2024-11-11,area,6.12713
2024-11-18,area,5.90115
2024-11-25,area,6.17536
2024-12-02,area,5.10311
2024-12-09,area,5.41797
2024-12-16,area,5.59763
2024-12-23,area,5.8378
2024-12-30,area,5.99381
2025-01-06,area,6.17536
2025-01-13,area,6.43916
2025-01-20,area,6.31341
2025-01-27,area,6.80982
2025-02-03,area,6.5479
2025-02-10,area,6.92328
2025-02-17,area,7.25044
2025-02-24,area,7.03864
2025-03-03,area,7.47548
2025-03-10,area,7.1852
2025-03-17,area,7.21735
2025-03-24,area,6.09309
2025-03-31,area,5.51158
2025-04-07,area,5.80754
2025-04-14,area,5.85954
2025-04-21,area,5.60425
2025-04-28,area,5.03125
2025-05-05,area,5.42932
2025-05-12,area,6.05149
2025-05-19,area,6.03258
2025-05-26,area,6.6642
2025-06-02,area,7.32419
2025-06-09,area,8.44939
2025-06-16,area,9.29566
2025-06-23,area,9.65591
2025-06-30,area,8.34538
2025-07-07,area,7.16534
2025-07-14,area,7.07457
2025-07-21,area,7.22586
2025-07-28,area,6.45146
2025-08-04,area,6.53939
2025-08-11,area,9.57176
2025-08-18,area,7.32703
2025-08-25,area,7.1748
2025-09-01,area,7.15872
2025-09-08,area,7.97189
2025-09-15,area,8.74913
2025-09-22,area,9.25405
2025-09-29,area,9.31457
2025-10-06,area,9.6786
2025-10-13,area,10.74707
2025-10-20,area,8.94202
2025-10-27,area,7.89152
2025-11-03,area,7.11807
2025-11-10,area,6.80793
2025-11-17,area,6.63205
2025-11-24,area,6.32286
2025-12-01,area,6.4004
2025-12-08,area,6.73323
2025-12-15,area,6.19899
2025-12-22,area,6.52237
2025-12-29,area,6.47037
2026-01-05,area,7.01311
2026-01-12,area,7.63055
2026-01-19,area,7.54356
2026-01-26,area,7.36202
2026-02-02,area,7.44617
2026-02-09,area,7.13887
2026-02-16,area,7.88207
2026-02-23,area,10.04169
2026-03-02,area,6.5063
2026-03-09,area,6.4732
2026-03-16,area,6.31246
2026-03-23,area,5.80281
2026-03-30,area,5.55791
2026-04-06,area,5.72244
2026-04-13,area,5.93613
2026-04-20,area,5.84725
2026-04-27,area,5.21563
2026-05-04,area,5.59574
2026-05-11,area,5.51726
2026-05-18,area,5.26574
2026-05-25,area,5.90682
2026-06-01,area,5.58723
2026-06-08,area,5.40001
2026-06-15,area,5.9229
2026-06-22,area,5.21279
2026-06-29,area,5.28938
2026-07-06,area,5.49835
2026-07-13,area,5.43783
2026-07-20,area,5.62788
2026-07-27,area,5.00477
2026-08-03,area,5.23832
2026-08-10,area,5.12391
2026-08-17,area,5.44161
2026-08-24,area,5.34328
2026-08-31,area,5.00666
2026-09-07,area,5.82645
2026-09-14,area,5.36975
2026-09-21,area,4.91683
2026-09-28,area,5.46336
2015-12-28,buy,1.09678
2016-01-04,buy,2.82874
2016-01-11,buy,1.71429
2016-01-18,buy,1.75875
2016-01-25,buy,2.05289
2016-02-01,buy,1.57362
2016-02-08,buy,1.69298
2016-02-15,buy,1.63269
2016-02-22,buy,1.6875
2016-02-29,buy,1.56692
2016-03-07,buy,1.44512
2016-03-14,buy,2.67893
2016-03-21,buy,3.01631
2016-03-28,buy,2.81534
2016-04-04,buy,1.48288
2016-04-11,buy,2.37626
2016-04-18,buy,2.40123
2016-04-25,buy,2.8939
2016-05-02,buy,1.81904
2016-05-09,buy,1.57605
2016-05-16,buy,1.67532
2016-05-23,buy,2.12902
2016-05-30,buy,1.92257
2016-06-06,buy,2.30014
2016-06-13,buy,2.16677
2016-06-20,buy,2.09248
2016-06-27,buy,1.79103
2016-07-04,buy,1.44695
2016-07-11,buy,1.59554
2016-07-18,buy,1.67836
2016-07-25,buy,1.7417
2016-08-01,buy,1.816
2016-08-08,buy,1.75814
2016-08-15,buy,1.95302
2016-08-22,buy,2.09674
2016-08-29,buy,2.01879
2016-09-05,buy,1.94632
2016-09-12,buy,1.77702
2016-09-19,buy,2.25203
2016-09-26,buy,1.911
2016-10-03,buy,2.09917
2016-10-10,buy,2.56566
2016-10-17,buy,2.50841
2016-10-24,buy,2.39271
2016-10-31,buy,2.00235
2016-11-07,buy,1.8775
2016-11-14,buy,2.25142
2016-11-21,buy,2.30806
2016-11-28,buy,1.96337
2016-12-05,buy,1.90186
2016-12-12,buy,2.11379
2016-12-19,buy,1.93536
2016-12-26,buy,2.65396
2017-01-02,buy,3.4018
2017-01-09,buy,2.71791
2017-01-16,buy,2.71669
2017-01-23,buy,1.84036
2017-01-30,buy,2.32815
2017-02-06,buy,2.14789
2017-02-13,buy,2.00844
2017-02-20,buy,1.99808
2017-02-27,buy,1.9317
2017-03-06,buy,2.01087
2017-03-13,buy,2.29222
2017-03-20,buy,2.21915
2017-03-27,buy,2.28857
2017-04-03,buy,2.16007
2017-04-10,buy,1.9792
2017-04-17,buy,2.12475
2017-04-24,buy,2.02122
2017-05-01,buy,2.18687
2017-05-08,buy,2.32206
2017-05-15,buy,2.65092
2017-05-22,buy,2.71851
2017-05-29,buy,3.25381
2017-06-05,buy,5.79938
2017-06-12,buy,20.9516
2017-06-19,buy,6.62395
2017-06-26,buy,7.21528
2017-07-03,buy,4.38653
2017-07-10,buy,4.38653
2017-07-17,buy,5.83105
2017-07-24,buy,4.83718
2017-07-31,buy,29.20764
2017-08-07,buy,9.32664
2017-08-14,buy,5.28661
2017-08-21,buy,4.68494
2017-08-28,buy,4.08326
2017-09-04,buy,3.48462
2017-09-11,buy,3.41154
2017-09-18,buy,3.10583
2017-09-25,buy,2.56749
2017-10-02,buy,2.48405
2017-10-09,buy,4.11736
2017-10-16,buy,3.57719
2017-10-23,buy,6.13311
2017-10-30,buy,3.86098
2017-11-06,buy,3.63078
2017-11-13,buy,4.07047
2017-11-20,buy,3.78242
2017-11-27,buy,4.41454
2017-12-04,buy,3.61251
2017-12-11,buy,3.42007
2017-12-18,buy,3.68863
2017-12-25,buy,3.53395
2018-01-01,buy,3.42372
2018-01-08,buy,3.456
2018-01-15,buy,3.64357
2018-01-22,buy,3.91335
2018-01-29,buy,4.23246
2018-02-05,buy,3.41398
2018-02-12,buy,3.18561
2018-02-19,buy,3.43103
2018-02-26,buy,4.48214
2018-03-05,buy,6.46988
2018-03-12,buy,4.19896
2018-03-19,buy,3.85001
2018-03-26,buy,4.32746
2018-04-02,buy,3.91639
2018-04-09,buy,3.32689
2018-04-16,buy,3.59302
2018-04-23,buy,2.60829
2018-04-30,buy,2.79647
2018-05-07,buy,2.83909
2018-05-14,buy,2.55287
2018-05-21,buy,2.46213
2018-05-28,buy,2.63996
2018-06-04,buy,2.548
2018-06-11,buy,2.86224
2018-06-18,buy,2.4603
2018-06-25,buy,2.46518
2018-07-02,buy,2.54861
2018-07-09,buy,3.06625
2018-07-16,buy,9.32359
2018-07-23,buy,2.62169
2018-07-30,buy,2.84823
2018-08-06,buy,3.19718
2018-08-13,buy,3.37135
2018-08-20,buy,3.95659
2018-08-27,buy,5.06312
2018-09-03,buy,5.40293
2018-09-10,buy,6.24638
2018-09-17,buy,3.62895
2018-09-24,buy,3.86158
2018-10-01,buy,3.78181
2018-10-08,buy,3.40302
2018-10-15,buy,3.03641
2018-10-22,buy,3.72578
2018-10-29,buy,2.8397
2018-11-05,buy,2.84823
2018-11-12,buy,3.19535
2018-11-19,buy,2.42864
2018-11-26,buy,2.60829
2018-12-03,buy,3.61251
2018-12-10,buy,2.48284
2018-12-17,buy,2.47188
2018-12-24,buy,2.50598
2018-12-31,buy,2.92374
2019-01-07,buy,3.2057
2019-01-14,buy,3.5845
2019-01-21,buy,3.06137
2019-01-28,buy,2.69659
2019-02-04,buy,2.85554
2019-02-11,buy,3.61738
2019-02-18,buy,3.26599
2019-02-25,buy,2.5821
2019-03-04,buy,2.90974
2019-03-11,buy,2.47066
2019-03-18,buy,2.69598
2019-03-25,buy,2.99926
2019-04-01,buy,2.42803
2019-04-08,buy,2.86528
2019-04-15,buy,2.46518
2019-04-22,buy,2.42985
2019-04-29,buy,2.03767
2019-05-06,buy,55.86789
2019-05-13,buy,2.84031
2019-05-20,buy,2.38357
2019-05-27,buy,2.2703
2019-06-03,buy,1.97129
2019-06-10,buy,3.92735
2019-06-17,buy,2.4597
2019-06-24,buy,4.06133
2019-07-01,buy,2.61194
2019-07-08,buy,3.83235
2019-07-15,buy,4.50711
2019-07-22,buy,7.71404
2019-07-29,buy,3.35978
2019-08-05,buy,3.23311
2019-08-12,buy,3.41215
2019-08-19,buy,3.30314
2019-08-26,buy,3.65027
2019-09-02,buy,3.26965
2019-09-09,buy,2.39392
2019-09-16,buy,3.53517
2019-09-23,buy,3.7544
2019-09-30,buy,3.47549
2019-10-07,buy,3.46879
2019-10-14,buy,3.1515
2019-10-21,buy,3.13263
2019-10-28,buy,3.01753
2019-11-04,buy,3.16673
2019-11-11,buy,3.24103
2019-11-18,buy,3.23494
2019-11-25,buy,3.74588
2019-12-02,buy,4.27021
2019-12-09,buy,3.66793
2019-12-16,buy,5.86089
2019-12-23,buy,3.67158
2019-12-30,buy,3.81469
2020-01-06,buy,4.02175
2020-01-13,buy,6.40898
2020-01-20,buy,4.74705
2020-01-27,buy,4.53695
2020-02-03,buy,4.3981
2020-02-10,buy,5.3469
2020-02-17,buy,5.01866
2020-02-24,buy,3.456
2020-03-02,buy,4.03088
2020-03-09,buy,4.61856
2020-03-16,buy,5.41511
2020-03-23,buy,4.26717
2020-03-30,buy,3.70995
2020-04-06,buy,3.95598
2020-04-13,buy,3.9036
2020-04-20,buy,4.0114
2020-04-27,buy,3.21179
2020-05-04,buy,3.2934
2020-05-11,buy,3.99982
2020-05-18,buy,4.86824
2020-05-25,buy,4.90295
2020-06-01,buy,4.19835
2020-06-08,buy,6.77498
2020-06-15,buy,100.0
2020-06-22,buy,23.05809
2020-06-29,buy,9.46305
2020-07-06,buy,14.20097
2020-07-13,buy,8.41864
2020-07-20,buy,6.54965
2020-07-27,buy,8.06299
2020-08-03,buy,11.37588
2020-08-10,buy,6.28596
2020-08-17,buy,6.72078
2020-08-24,buy,17.7806
2020-08-31,buy,13.28506
2020-09-07,buy,9.02093
2020-09-14,buy,81.31748
2020-09-21,buy,6.84623
2020-09-28,buy,6.48876
2020-10-05,buy,7.16473
2020-10-12,buy,7.41564
2020-10-19,buy,6.65379
2020-10-26,buy,6.96925
2020-11-02,buy,5.79451
2020-11-09,buy,11.30828
2020-11-16,buy,12.87582
2020-11-23,buy,10.51112
2020-11-30,buy,8.60133
2020-12-07,buy,9.19692
2020-12-14,buy,9.7919
2020-12-21,buy,7.43634
2020-12-28,buy,7.15621
2021-01-04,buy,7.97408
2021-01-11,buy,8.92653
2021-01-18,buy,8.46675
2021-01-25,buy,7.27739
2021-02-01,buy,6.7762
2021-02-08,buy,5.76163
2021-02-15,buy,6.43638
2021-02-22,buy,6.25125
2021-03-01,buy,5.82557
2021-03-08,buy,6.16904
2021-03-15,buy,5.73544
2021-03-22,buy,5.85967
2021-03-29,buy,6.38888
2021-04-05,buy,5.85785
2021-04-12,buy,5.16543
2021-04-19,buy,5.37735
2021-04-26,buy,7.43756
2021-05-03,buy,5.57223
2021-05-10,buy,8.3419
2021-05-17,buy,5.97599
2021-05-24,buy,6.14042
2021-05-31,buy,5.43277
2021-06-07,buy,6.04602
2021-06-14,buy,5.77685
2021-06-21,buy,5.9157
2021-06-28,buy,6.14894
2021-07-05,buy,6.80543
2021-07-12,buy,6.06855
2021-07-19,buy,6.92175
2021-07-26,buy,5.81583
2021-08-02,buy,6.02593
2021-08-09,buy,6.30606
2021-08-16,buy,14.22351
2021-08-23,buy,12.43795
2021-08-30,buy,8.1787
2021-09-06,buy,7.11906
2021-09-13,buy,6.22019
2021-09-20,buy,10.60064
2021-09-27,buy,9.34613
2021-10-04,buy,8.6056
2021-10-11,buy,7.59102
2021-10-18,buy,7.64644
2021-10-25,buy,8.23168
2021-11-01,buy,6.8438
2021-11-08,buy,5.59172
2021-11-15,buy,6.56062
2021-11-22,buy,7.6507
2021-11-29,buy,5.8615
2021-12-06,buy,5.98208
2021-12-13,buy,6.15564
2021-12-20,buy,5.84567
2021-12-27,buy,5.80974
2022-01-03,buy,6.25247
2022-01-10,buy,7.54779
2022-01-17,buy,7.70308
2022-01-24,buy,6.42116
2022-01-31,buy,7.08252
2022-02-07,buy,7.07338
2022-02-14,buy,7.28653
2022-02-21,buy,6.43456
2022-02-28,buy,4.87007
2022-03-07,buy,5.84262
2022-03-14,buy,6.61055
2022-03-21,buy,7.58676
2022-03-28,buy,8.999
2022-04-04,buy,7.86446
2022-04-11,buy,8.27918
2022-04-18,buy,6.93332
2022-04-25,buy,6.627
2022-05-02,buy,6.65075
2022-05-09,buy,7.3724
2022-05-16,buy,7.23903
2022-05-23,buy,7.89247
2022-05-30,buy,7.12515
2022-06-06,buy,6.65136
2022-06-13,buy,13.8642
2022-06-20,buy,12.13529
2022-06-27,buy,8.31694
2022-07-04,buy,7.10627
2022-07-11,buy,12.1767
2022-07-18,buy,8.29928
2022-07-25,buy,6.01009
2022-08-01,buy,6.15564
2022-08-08,buy,5.12584
2022-08-15,buy,7.00457
2022-08-22,buy,6.81152
2022-08-29,buy,6.0515
2022-09-05,buy,5.34203
2022-09-12,buy,7.22502
2022-09-19,buy,8.34799
2022-09-26,buy,7.806
2022-10-03,buy,5.90961
2022-10-10,buy,8.46797
2022-10-17,buy,7.54291
2022-10-24,buy,9.38327
2022-10-31,buy,8.80717
2022-11-07,buy,9.02945
2022-11-14,buy,8.16286
2022-11-21,buy,6.90652
2022-11-28,buy,5.85236
2022-12-05,buy,5.85054
2022-12-12,buy,8.81935
2022-12-19,buy,8.00635
2022-12-26,buy,7.01309
2023-01-02,buy,7.56057
2023-01-09,buy,7.89734
2023-01-16,buy,6.64222
2023-01-23,buy,6.77133
2023-01-30,buy,7.39919
2023-02-06,buy,9.25051
2023-02-13,buy,7.43695
2023-02-20,buy,6.41263
2023-02-27,buy,6.50642
2023-03-06,buy,5.70316
2023-03-13,buy,6.28231
2023-03-20,buy,6.19096
2023-03-27,buy,6.56792
2023-04-03,buy,6.40106
2023-04-10,buy,5.85115
2023-04-17,buy,7.12758
2023-04-24,buy,5.62765
2023-05-01,buy,4.96507
2023-05-08,buy,5.17273
2023-05-15,buy,6.1526
2023-05-22,buy,5.6447
2023-05-29,buy,5.78903
2023-06-05,buy,6.06612
2023-06-12,buy,5.75066
2023-06-19,buy,5.56858
2023-06-26,buy,4.90052
2023-07-03,buy,4.87555
2023-07-10,buy,5.05946
2023-07-17,buy,5.51377
2023-07-24,buy,5.36517
2023-07-31,buy,4.44865
2023-08-07,buy,6.61664
2023-08-14,buy,7.48384
2023-08-21,buy,8.37905
2023-08-28,buy,7.24634
2023-09-04,buy,5.90169
2023-09-11,buy,6.64039
2023-09-18,buy,5.34021
2023-09-25,buy,5.06738
2023-10-02,buy,6.32798
2023-10-09,buy,6.89739
2023-10-16,buy,7.9759
2023-10-23,buy,6.52834
2023-10-30,buy,6.36148
2023-11-06,buy,5.34569
2023-11-13,buy,5.21293
2023-11-20,buy,7.85228
2023-11-27,buy,5.80913
2023-12-04,buy,5.85054
2023-12-11,buy,6.19096
2023-12-18,buy,5.17213
2023-12-25,buy,6.03811
2024-01-01,buy,5.87551
2024-01-08,buy,10.17009
2024-01-15,buy,8.26274
2024-01-22,buy,7.68237
2024-01-29,buy,7.20675
2024-02-05,buy,5.22754
2024-02-12,buy,6.92175
2024-02-19,buy,7.18726
2024-02-26,buy,7.2031
2024-03-04,buy,5.88525
2024-03-11,buy,5.99243
2024-03-18,buy,6.02227
2024-03-25,buy,6.37122
2024-04-01,buy,5.08504
2024-04-08,buy,4.8183
2024-04-15,buy,5.66662
2024-04-22,buy,5.12828
2024-04-29,buy,4.81039
2024-05-06,buy,5.12828
2024-05-13,buy,5.33168
2024-05-20,buy,5.43094
2024-05-27,buy,5.4955
2024-06-03,buy,4.96568
2024-06-10,buy,5.4145
2024-06-17,buy,7.58432
2024-06-24,buy,8.60438
2024-07-01,buy,7.94424
2024-07-08,buy,7.59102
2024-07-15,buy,7.32733
2024-07-22,buy,6.67511
2024-07-29,buy,6.6337
2024-08-05,buy,6.356
2024-08-12,buy,7.84254
2024-08-19,buy,12.67181
2024-08-26,buy,14.08831
2024-09-02,buy,17.1302
2024-09-09,buy,10.63779
2024-09-16,buy,7.47775
2024-09-23,buy,8.7347
2024-09-30,buy,6.8645
2024-10-07,buy,7.34926
2024-10-14,buy,9.25478
2024-10-21,buy,7.95093
2024-10-28,buy,7.02467
2024-11-04,buy,6.32737
2024-11-11,buy,5.9766
2024-11-18,buy,5.82374
2024-11-25,buy,5.76163
2024-12-02,buy,5.04972
2024-12-09,buy,5.01379
2024-12-16,buy,5.81765
2024-12-23,buy,5.23181
2024-12-30,buy,5.98208
2025-01-06,buy,7.87907
2025-01-13,buy,6.91992
2025-01-20,buy,5.7665
2025-01-27,buy,4.48397
2025-02-03,buy,6.01923
2025-02-10,buy,6.17147
2025-02-17,buy,6.37731
2025-02-24,buy,7.0746
2025-03-03,buy,5.9364
2025-03-10,buy,5.80365
2025-03-17,buy,7.67506
2025-03-24,buy,5.49732
2025-03-31,buy,4.73609
2025-04-07,buy,4.88347
2025-04-14,buy,10.62195
2025-04-21,buy,5.49489
2025-04-28,buy,4.23185
2025-05-05,buy,4.5333
2025-05-12,buy,6.18487
2025-05-19,buy,6.60873
2025-05-26,buy,6.32433
2025-06-02,buy,6.00218
2025-06-09,buy,6.84745
2025-06-16,buy,9.20971
2025-06-23,buy,34.58074
2025-06-30,buy,15.24417
2025-07-07,buy,9.46122
2025-07-14,buy,7.84741
2025-07-21,buy,5.8682
2025-07-28,buy,5.18735
2025-08-04,buy,5.9498
2025-08-11,buy,7.18422
2025-08-18,buy,6.21532
2025-08-25,buy,5.93397
2025-09-01,buy,5.57406
2025-09-08,buy,5.64531
2025-09-15,buy,5.74336
2025-09-22,buy,5.53325
2025-09-29,buy,4.91026
2025-10-06,buy,5.81339
2025-10-13,buy,16.0255
2025-10-20,buy,17.65759
2025-10-27,buy,7.31333
2025-11-03,buy,5.93823
2025-11-10,buy,7.05816
2025-11-17,buy,11.33934
2025-11-24,buy,7.6367
2025-12-01,buy,5.28235
2025-12-08,buy,5.32498
2025-12-15,buy,5.04241
2025-12-22,buy,4.95959
2025-12-29,buy,6.19583
2026-01-05,buy,8.39915
2026-01-12,buy,7.12149
2026-01-19,buy,9.03493
2026-01-26,buy,6.04846
2026-02-02,buy,5.48088
2026-02-09,buy,5.95833
2026-02-16,buy,5.367
2026-02-23,buy,5.23972
2026-03-02,buy,4.06255
2026-03-09,buy,4.66727
2026-03-16,buy,5.18431
2026-03-23,buy,6.50215
2026-03-30,buy,9.80408
2026-04-06,buy,6.02349
2026-04-13,buy,7.07034
2026-04-20,buy,4.5132
2026-04-27,buy,3.56014
2026-05-04,buy,3.61434
2026-05-11,buy,4.18678
2026-05-18,buy,4.47118
2026-05-25,buy,3.9505
2026-06-01,buy,3.87559
2026-06-08,buy,4.70016
2026-06-15,buy,4.53391
2026-06-22,buy,5.41389
2026-06-29,buy,5.0144
2026-07-06,buy,21.1684
2026-07-13,buy,11.15238
2026-07-20,buy,8.85833
2026-07-27,buy,6.02044
2026-08-03,buy,5.2787
2026-08-10,buy,6.30728
2026-08-17,buy,5.81339
2026-08-24,buy,7.80052
2026-08-31,buy,5.59903
2026-09-07,buy,4.65144
2026-09-14,buy,4.29153
2026-09-21,buy,3.20205
2026-09-28,buy,4.13076
2015-12-28,down,7.60491
2016-01-04,down,20.47878
2016-01-11,down,17.08207
2016-01-18,down,14.20704
2016-01-25,down,15.20403
2016-02-01,down,12.67099
2016-02-08,down,15.47646
2016-02-15,down,22.90169
2016-02-22,down,22.54811
2016-02-29,down,19.53976
2016-03-07,down,15.04173
2016-03-14,down,14.90841
2016-03-21,down,12.62462
2016-03-28,down,12.25944
2016-04-04,down,9.84233
2016-04-11,down,8.93229
2016-04-18,down,11.11755
2016-04-25,down,11.01901
2016-05-02,down,10.92047
2016-05-09,down,10.12636
2016-05-16,down,9.91769
2016-05-23,down,10.98423
2016-05-30,down,10.93206
2016-06-06,down,12.61882
2016-06-13,down,11.54648
2016-06-20,down,14.02156
2016-06-27,down,9.76698
2016-07-04,down,10.81034
2016-07-11,down,11.47693
2016-07-18,down,9.69742
2016-07-25,down,13.01298
2016-08-01,down,13.51147
2016-08-08,down,11.22188
2016-08-15,down,11.70878
2016-08-22,down,13.34917
2016-08-29,down,14.82146
2016-09-05,down,12.68838
2016-09-12,down,11.47693
2016-09-19,down,15.38372
2016-09-26,down,15.82425
2016-10-03,down,17.91676
2016-10-10,down,18.60074
2016-10-17,down,21.76559
2016-10-24,down,14.47948
2016-10-31,down,16.65314
2016-11-07,down,13.17528
2016-11-14,down,13.31439
2016-11-21,down,14.66496
2016-11-28,down,15.69673
2016-12-05,down,13.69116
2016-12-12,down,22.18293
2016-12-19,down,17.77185
2016-12-26,down,16.51982
2017-01-02,down,19.16299
2017-01-09,down,17.99791
2017-01-16,down,14.17226
2017-01-23,down,13.54045
2017-01-30,down,18.21238
2017-02-06,down,21.64386
2017-02-13,down,15.15766
2017-02-20,down,14.16647
2017-02-27,down,13.82448
2017-03-06,down,10.40459
2017-03-13,down,12.74055
2017-03-20,down,10.97264
2017-03-27,down,9.95246
2017-04-03,down,10.97264
2017-04-10,down,9.21052
2017-04-17,down,8.41061
2017-04-24,down,7.31509
2017-05-01,down,7.40204
2017-05-08,down,9.36123
2017-05-15,down,9.29167
2017-05-22,down,8.67145
2017-05-29,down,8.35265
2017-06-05,down,9.03083
2017-06-12,down,8.13239
2017-06-19,down,8.23092
2017-06-26,down,9.26269
2017-07-03,down,8.70623
2017-07-10,down,8.28309
2017-07-17,down,8.17876
2017-07-24,down,9.04242
2017-07-31,down,17.34291
2017-08-07,down,30.71527
2017-08-14,down,16.20681
2017-08-21,down,13.45351
2017-08-28,down,9.18734
2017-09-04,down,8.52075
2017-09-11,down,6.17319
2017-09-18,down,5.74426
2017-09-25,down,4.67192
2017-10-02,down,3.33294
2017-10-09,down,5.40806
2017-10-16,down,6.73545
2017-10-23,down,11.08277
2017-10-30,down,8.35265
2017-11-06,down,7.88894
2017-11-13,down,17.90517
2017-11-20,down,9.62207
2017-11-27,down,10.5437
2017-12-04,down,11.24507
2017-12-11,down,10.76396
2017-12-18,down,35.14954
2017-12-25,down,16.82703
2018-01-01,down,17.18061
2018-01-08,down,53.8836
2018-01-15,down,39.72872
2018-01-22,down,25.20867
2018-01-29,down,24.88407
2018-02-05,down,18.9775
2018-02-12,down,8.64247
2018-02-19,down,13.1405
2018-02-26,down,13.26223
2018-03-05,down,15.28518
2018-03-12,down,17.41827
2018-03-19,down,16.20102
2018-03-26,down,20.53674
2018-04-02,down,16.5488
2018-04-09,down,15.4127
2018-04-16,down,16.86181
2018-04-23,down,14.61279
2018-04-30,down,13.41293
2018-05-07,down,13.73753
2018-05-14,down,13.70275
2018-05-21,down,21.22652
2018-05-28,down,17.55738
2018-06-04,down,12.64201
2018-06-11,down,12.6536
2018-06-18,down,13.6274
2018-06-25,down,10.72919
2018-07-02,down,9.78437
2018-07-09,down,11.36679
2018-07-16,down,10.53211
2018-07-23,down,7.72664
2018-07-30,down,6.77022
2018-08-06,down,7.97588
2018-08-13,down,9.19313
2018-08-20,down,11.77254
2018-08-27,down,11.17551
2018-09-03,down,14.42151
2018-09-10,down,15.59239
2018-09-17,down,13.47669
2018-09-24,down,11.16392
2018-10-01,down,12.9724
2018-10-08,down,26.49547
2018-10-15,down,10.52631
2018-10-22,down,15.8996
2018-10-29,down,20.38024
2018-11-05,down,18.83259
2018-11-12,down,19.02388
2018-11-19,down,21.37143
2018-11-26,down,23.08138
2018-12-03,down,23.07558
2018-12-10,down,18.3341
2018-12-17,down,15.40111
2018-12-24,down,14.2708
2018-12-31,down,15.55182
2019-01-07,down,17.89937
2019-01-14,down,20.24692
2019-01-21,down,18.83259
2019-01-28,down,15.4127
2019-02-04,down,17.33712
2019-02-11,down,19.60932
2019-02-18,down,14.63598
2019-02-25,down,13.7897
2019-03-04,down,13.72594
2019-03-11,down,12.14931
2019-03-18,down,10.47994
2019-03-25,down,9.77857
2019-04-01,down,8.81057
2019-04-08,down,8.12659
2019-04-15,down,13.77811
2019-04-22,down,6.46301
2019-04-29,down,5.60514
2019-05-06,down,7.19336
2019-05-13,down,6.9673
2019-05-20,down,7.6281
2019-05-27,down,6.3181
2019-06-03,down,5.81381
2019-06-10,down,5.64572
2019-06-17,down,4.83422
2019-06-24,down,5.15302
2019-07-01,down,4.66032
2019-07-08,down,4.18502
2019-07-15,down,4.41108
2019-07-22,down,3.54161
2019-07-29,down,3.44307
2019-08-05,down,5.07187
2019-08-12,down,4.82262
2019-08-19,down,4.56758
2019-08-26,down,4.82262
2019-09-02,down,5.6747
2019-09-09,down,4.72988
2019-09-16,down,5.89496
2019-09-23,down,5.837
2019-09-30,down,5.64572
2019-10-07,down,6.22536
2019-10-14,down,6.77022
2019-10-21,down,7.97588
2019-10-28,down,6.94991
2019-11-04,down,8.12079
2019-11-11,down,8.24252
2019-11-18,down,9.91189
2019-11-25,down,10.09158
2019-12-02,down,13.23324
2019-12-09,down,14.56642
2019-12-16,down,20.20635
2019-12-23,down,14.94319
2019-12-30,down,14.94899
2020-01-06,down,15.63297
2020-01-13,down,18.45003
2020-01-20,down,16.40389
2020-01-27,down,17.15743
2020-02-03,down,18.58914
2020-02-10,down,25.39415
2020-02-17,down,24.85508
2020-02-24,down,32.39044
2020-03-02,down,29.80523
2020-03-09,down,71.40621
2020-03-16,down,100.0
2020-03-23,down,63.24484
2020-03-30,down,48.94504
2020-04-06,down,40.0881
2020-04-13,down,37.31161
2020-04-20,down,37.31741
2020-04-27,down,29.27776
2020-05-04,down,21.96846
2020-05-11,down,19.22095
2020-05-18,down,17.26176
2020-05-25,down,19.67887
2020-06-01,down,22.18873
2020-06-08,down,22.50173
2020-06-15,down,28.87781
2020-06-22,down,31.01669
2020-06-29,down,36.90006
2020-07-06,down,36.01901
2020-07-13,down,36.24507
2020-07-20,down,34.52353
2020-07-27,down,34.4018
2020-08-03,down,32.27451
2020-08-10,down,33.40482
2020-08-17,down,37.24205
2020-08-24,down,31.66009
2020-08-31,down,30.01391
2020-09-07,down,37.01599
2020-09-14,down,31.37027
2020-09-21,down,35.59007
2020-09-28,down,29.02851
2020-10-05,down,30.21099
2020-10-12,down,31.74124
2020-10-19,down,32.68026
2020-10-26,down,34.15835
2020-11-02,down,29.48643
2020-11-09,down,37.3232
2020-11-16,down,40.96916
2020-11-23,down,38.48829
2020-11-30,down,32.00788
2020-12-07,down,35.27706
2020-12-14,down,32.69186
2020-12-21,down,37.07975
2020-12-28,down,32.19916
2021-01-04,down,31.13841
2021-01-11,down,46.70762
2021-01-18,down,43.03848
2021-01-25,down,53.22281
2021-02-01,down,46.64966
2021-02-08,down,43.10804
2021-02-15,down,47.37421
2021-02-22,down,55.57036
2021-03-01,down,41.82703
2021-03-08,down,43.25875
2021-03-15,down,47.06121
2021-03-22,down,54.67192
2021-03-29,down,46.35404
2021-04-05,down,44.94551
2021-04-12,down,32.76721
2021-04-19,down,33.4338
2021-04-26,down,27.64896
2021-05-03,down,24.15951
2021-05-10,down,37.984
2021-05-17,down,34.70322
2021-05-24,down,28.61117
2021-05-31,down,25.13331
2021-06-07,down,23.60885
2021-06-14,down,22.73939
2021-06-21,down,43.75724
2021-06-28,down,34.96985
2021-07-05,down,32.63969
2021-07-12,down,30.00231
2021-07-19,down,35.28866
2021-07-26,down,34.96406
2021-08-02,down,28.46626
2021-08-09,down,28.53002
2021-08-16,down,45.25852
2021-08-23,down,39.98956
2021-08-30,down,35.85671
2021-09-06,down,36.17551
2021-09-13,down,29.89218
2021-09-20,down,38.03616
2021-09-27,down,50.26663
2021-10-04,down,44.62091
2021-10-11,down,51.65198
2021-10-18,down,52.85184
2021-10-25,down,43.03269
2021-11-01,down,45.69325
2021-11-08,down,44.00069
2021-11-15,down,38.69696
2021-11-22,down,37.329
2021-11-29,down,40.42429
2021-12-06,down,61.26246
2021-12-13,down,68.29932
2021-12-20,down,66.07349
2021-12-27,down,51.17087
2022-01-03,down,50.49849
2022-01-10,down,46.35984
2022-01-17,down,48.13354
2022-01-24,down,53.91258
2022-01-31,down,42.14583
2022-02-07,down,46.20333
2022-02-14,down,43.45583
2022-02-21,down,36.30883
2022-02-28,down,28.84882
2022-03-07,down,34.01924
2022-03-14,down,28.80245
2022-03-21,down,23.99721
2022-03-28,down,22.59448
2022-04-04,down,21.78298
2022-04-11,down,21.91629
2022-04-18,down,20.38024
2022-04-25,down,33.12659
2022-05-02,down,26.88963
2022-05-09,down,35.32923
2022-05-16,down,29.02272
2022-05-23,down,34.91189
2022-05-30,down,36.21029
2022-06-06,down,44.93392
2022-06-13,down,62.18409
2022-06-20,down,48.75376
2022-06-27,down,35.88569
2022-07-04,down,42.27335
2022-07-11,down,54.34152
2022-07-18,down,47.80894
2022-07-25,down,39.42151
2022-08-01,down,41.57199
2022-08-08,down,40.36633
2022-08-15,down,43.20078
2022-08-22,down,52.54463
2022-08-29,down,47.85532
2022-09-05,down,45.18896
2022-09-12,down,59.76698
2022-09-19,down,58.99605
2022-09-26,down,56.09784
2022-10-03,down,45.20635
2022-10-10,down,52.98516
2022-10-17,down,50.65499
2022-10-24,down,47.68722
2022-10-31,down,43.60653
2022-11-07,down,45.74542
2022-11-14,down,47.95386
2022-11-21,down,43.91954
2022-11-28,down,38.11152
2022-12-05,down,38.15209
2022-12-12,down,54.74147
2022-12-19,down,46.72501
2022-12-26,down,38.52886
2023-01-02,down,37.3232
2023-01-09,down,32.74402
2023-01-16,down,29.81683
2023-01-23,down,30.84859
2023-01-30,down,31.50359
2023-02-06,down,30.11245
2023-02-13,down,26.80848
2023-02-20,down,21.93368
2023-02-27,down,18.53698
2023-03-06,down,19.33688
2023-03-13,down,19.07604
2023-03-20,down,16.26478
2023-03-27,down,14.46788
2023-04-03,down,13.03037
2023-04-10,down,12.38696
2023-04-17,down,11.33201
2023-04-24,down,11.90006
2023-05-01,down,10.07419
2023-05-08,down,10.45675
2023-05-15,down,9.61627
2023-05-22,down,9.00185
2023-05-29,down,7.47739
2023-06-05,down,8.87433
2023-06-12,down,8.49756
2023-06-19,down,7.96429
2023-06-26,down,8.02805
2023-07-03,down,8.38163
2023-07-10,down,7.31509
2023-07-17,down,7.56434
2023-07-24,down,7.76141
2023-07-31,down,6.83978
2023-08-07,down,7.73243
2023-08-14,down,9.8945
2023-08-21,down,8.31207
2023-08-28,down,8.63667
2023-09-04,down,7.89473
2023-09-11,down,9.35543
2023-09-18,down,8.34685
2023-09-25,down,7.1354
2023-10-02,down,9.39021
2023-10-09,down,9.37862
2023-10-16,down,10.49733
2023-10-23,down,12.75794
2023-10-30,down,11.96962
2023-11-06,down,12.18409
2023-11-13,down,16.3807
2023-11-20,down,14.21284
2023-11-27,down,13.9462
2023-12-04,down,18.89635
2023-12-11,down,13.7955
2023-12-18,down,12.12613
2023-12-25,down,11.50011
2024-01-01,down,10.52051
2024-01-08,down,12.61303
2024-01-15,down,13.49408
2024-01-22,down,12.56086
2024-01-29,down,12.63621
2024-02-05,down,10.09158
2024-02-12,down,10.65383
2024-02-19,down,9.99304
2024-02-26,down,9.21632
2024-03-04,down,9.51773
2024-03-11,down,9.71481
2024-03-18,down,8.31207
2024-03-25,down,6.49779
2024-04-01,down,7.32668
2024-04-08,down,7.88894
2024-04-15,down,9.00185
2024-04-22,down,7.75562
2024-04-29,down,6.26594
2024-05-06,down,5.78483
2024-05-13,down,5.49501
2024-05-20,down,5.90076
2024-05-27,down,5.23417
2024-06-03,down,4.49802
2024-06-10,down,5.52979
2024-06-17,down,5.31532
2024-06-24,down,4.90377
2024-07-01,down,4.99072
2024-07-08,down,5.20519
2024-07-15,down,5.46603
2024-07-22,down,5.70948
2024-07-29,down,6.43983
2024-08-05,down,12.82749
2024-08-12,down,6.28912
2024-08-19,down,6.23116
2024-08-26,down,6.09204
2024-09-02,down,7.84256
2024-09-09,down,5.837
2024-09-16,down,7.20496
2024-09-23,down,5.92974
2024-09-30,down,5.80222
2024-10-07,down,5.94713
2024-10-14,down,6.70067
2024-10-21,down,6.92093
2024-10-28,down,6.92673
2024-11-04,down,5.88337
2024-11-11,down,7.72664
2024-11-18,down,8.94968
2024-11-25,down,8.51495
2024-12-02,down,8.76999
2024-12-09,down,9.59888
2024-12-16,down,8.52654
2024-12-23,down,8.72362
2024-12-30,down,6.56155
2025-01-06,down,7.4658
2025-01-13,down,8.05703
2025-01-20,down,7.68606
2025-01-27,down,6.99629
2025-02-03,down,8.41061
2025-02-10,down,6.82819
2025-02-17,down,6.89195
2025-02-24,down,7.07164
2025-03-03,down,6.21956
2025-03-10,down,5.79063
2025-03-17,down,4.51541
2025-03-24,down,4.68351
2025-03-31,down,5.48342
2025-04-07,down,6.06306
2025-04-14,down,4.10966
2025-04-21,down,3.70391
2025-04-28,down,2.86343
2025-05-05,down,3.12427
2025-05-12,down,3.51263
2025-05-19,down,3.20542
2025-05-26,down,3.0837
2025-06-02,down,3.32715
2025-06-09,down,3.92997
2025-06-16,down,3.59378
2025-06-23,down,7.08903
2025-06-30,down,10.75237
2025-07-07,down,6.61952
2025-07-14,down,5.68629
2025-07-21,down,6.3297
2025-07-28,down,5.14722
2025-08-04,down,3.75608
2025-08-11,down,3.13007
2025-08-18,down,3.94736
2025-08-25,down,3.28657
2025-09-01,down,2.9098
2025-09-08,down,2.95617
2025-09-15,down,2.88662
2025-09-22,down,3.67493
2025-09-29,down,2.46927
2025-10-06,down,3.59378
2025-10-13,down,6.15001
2025-10-20,down,4.88059
2025-10-27,down,4.03431
2025-11-03,down,6.9673
2025-11-10,down,4.45165
2025-11-17,down,6.14421
2025-11-24,down,3.43728
2025-12-01,down,3.19383
2025-12-08,down,2.66635
2025-12-15,down,3.18803
2025-12-22,down,2.36494
2025-12-29,down,2.46927
2026-01-05,down,2.4345
2026-01-12,down,2.57361
2026-01-19,down,3.59378
2026-01-26,down,5.26895
2026-02-02,down,10.20171
2026-02-09,down,5.9993
2026-02-16,down,6.12102
2026-02-23,down,11.94644
2026-03-02,down,8.00486
2026-03-09,down,5.79063
2026-03-16,down,4.66612
2026-03-23,down,5.21678
2026-03-30,down,3.69812
2026-04-06,down,2.31857
2026-04-13,down,1.98237
2026-04-20,down,1.91861
2026-04-27,down,1.68676
2026-05-04,down,2.51565
2026-05-11,down,3.87781
2026-05-18,down,3.00255
2026-05-25,down,2.19684
2026-06-01,down,3.81405
2026-06-08,down,3.17064
2026-06-15,down,1.2926
2026-06-22,down,3.17064
2026-06-29,down,1.623
2026-07-06,down,2.95038
2026-07-13,down,3.21701
2026-07-20,down,2.591
2026-07-27,down,3.41409
2026-08-03,down,1.53025
2026-08-10,down,2.96197
2026-08-17,down,2.35335
2026-08-24,down,3.246
2026-08-31,down,11.62184
2026-09-07,down,2.98516
2026-09-14,down,2.55042
2026-09-21,down,2.20843
2026-09-28,down,2.34755
2015-12-28,ratio_down,7.60491
2016-01-04,ratio_down,20.47878
2016-01-11,ratio_down,17.08207
2016-01-18,ratio_down,14.20704
2016-01-25,ratio_down,15.20403
2016-02-01,ratio_down,12.67099
2016-02-08,ratio_down,15.47646
2016-02-15,ratio_down,22.90169
2016-02-22,ratio_down,22.54811
2016-02-29,ratio_down,19.53976
2016-03-07,ratio_down,15.04173
2016-03-14,ratio_down,14.90841
2016-03-21,ratio_down,12.62462
2016-03-28,ratio_down,12.25944
2016-04-04,ratio_down,9.84233
2016-04-11,ratio_down,8.93229
2016-04-18,ratio_down,11.11755
2016-04-25,ratio_down,11.01901
2016-05-02,ratio_down,10.92047
2016-05-09,ratio_down,10.12636
2016-05-16,ratio_down,9.91769
2016-05-23,ratio_down,10.98423
2016-05-30,ratio_down,10.93206
2016-06-06,ratio_down,12.61882
2016-06-13,ratio_down,11.54648
2016-06-20,ratio_down,14.02156
2016-06-27,ratio_down,9.76698
2016-07-04,ratio_down,10.81034
2016-07-11,ratio_down,11.47693
2016-07-18,ratio_down,9.69742
2016-07-25,ratio_down,13.01298
2016-08-01,ratio_down,13.51147
2016-08-08,ratio_down,11.22188
2016-08-15,ratio_down,11.70878
2016-08-22,ratio_down,13.34917
2016-08-29,ratio_down,14.82146
2016-09-05,ratio_down,12.68838
2016-09-12,ratio_down,11.47693
2016-09-19,ratio_down,15.38372
2016-09-26,ratio_down,15.82425
2016-10-03,ratio_down,17.91676
2016-10-10,ratio_down,18.60074
2016-10-17,ratio_down,21.76559
2016-10-24,ratio_down,14.47948
2016-10-31,ratio_down,16.65314
2016-11-07,ratio_down,13.17528
2016-11-14,ratio_down,13.31439
2016-11-21,ratio_down,14.66496
2016-11-28,ratio_down,15.69673
2016-12-05,ratio_down,13.69116
2016-12-12,ratio_down,22.18293
2016-12-19,ratio_down,17.77185
2016-12-26,ratio_down,16.51982
2017-01-02,ratio_down,19.16299
2017-01-09,ratio_down,17.99791
2017-01-16,ratio_down,14.17226
2017-01-23,ratio_down,13.54045
2017-01-30,ratio_down,18.21238
2017-02-06,ratio_down,21.64386
2017-02-13,ratio_down,15.15766
2017-02-20,ratio_down,14.16647
2017-02-27,ratio_down,13.82448
2017-03-06,ratio_down,10.40459
2017-03-13,ratio_down,12.74055
2017-03-20,ratio_down,10.97264
2017-03-27,ratio_down,9.95246
2017-04-03,ratio_down,10.97264
2017-04-10,ratio_down,9.21052
2017-04-17,ratio_down,8.41061
2017-04-24,ratio_down,7.31509
2017-05-01,ratio_down,7.40204
2017-05-08,ratio_down,9.36123
2017-05-15,ratio_down,9.29167
2017-05-22,ratio_down,8.67145
2017-05-29,ratio_down,8.35265
2017-06-05,ratio_down,9.03083
2017-06-12,ratio_down,8.13239
2017-06-19,ratio_down,8.23092
2017-06-26,ratio_down,9.26269
2017-07-03,ratio_down,8.70623
2017-07-10,ratio_down,8.28309
2017-07-17,ratio_down,8.17876
2017-07-24,ratio_down,9.04242
2017-07-31,ratio_down,17.34291
2017-08-07,ratio_down,30.71527
2017-08-14,ratio_down,16.20681
2017-08-21,ratio_down,13.45351
2017-08-28,ratio_down,9.18734
2017-09-04,ratio_down,8.52075
2017-09-11,ratio_down,6.17319
2017-09-18,ratio_down,5.74426
2017-09-25,ratio_down,4.67192
2017-10-02,ratio_down,3.33294
2017-10-09,ratio_down,5.40806
2017-10-16,ratio_down,6.73545
2017-10-23,ratio_down,11.08277
2017-10-30,ratio_down,8.35265
2017-11-06,ratio_down,7.88894
2017-11-13,ratio_down,17.90517
2017-11-20,ratio_down,9.62207
2017-11-27,ratio_down,10.5437
2017-12-04,ratio_down,11.24507
2017-12-11,ratio_down,10.76396
2017-12-18,ratio_down,35.14954
2017-12-25,ratio_down,16.82703
2018-01-01,ratio_down,17.18061
2018-01-08,ratio_down,53.8836
2018-01-15,ratio_down,39.72872
2018-01-22,ratio_down,25.20867
2018-01-29,ratio_down,24.88407
2018-02-05,ratio_down,18.9775
2018-02-12,ratio_down,8.64247
2018-02-19,ratio_down,13.1405
2018-02-26,ratio_down,13.26223
2018-03-05,ratio_down,15.28518
2018-03-12,ratio_down,17.41827
2018-03-19,ratio_down,16.20102
2018-03-26,ratio_down,20.53674
2018-04-02,ratio_down,16.5488
2018-04-09,ratio_down,15.4127
2018-04-16,ratio_down,16.86181
2018-04-23,ratio_down,14.61279
2018-04-30,ratio_down,13.41293
2018-05-07,ratio_down,13.73753
2018-05-14,ratio_down,13.70275
2018-05-21,ratio_down,21.22652
2018-05-28,ratio_down,17.55738
2018-06-04,ratio_down,12.64201
2018-06-11,ratio_down,12.6536
2018-06-18,ratio_down,13.6274
2018-06-25,ratio_down,10.72919
2018-07-02,ratio_down,9.78437
2018-07-09,ratio_down,11.36679
2018-07-16,ratio_down,10.53211
2018-07-23,ratio_down,7.72664
2018-07-30,ratio_down,6.77022
2018-08-06,ratio_down,7.97588
2018-08-13,ratio_down,9.19313
2018-08-20,ratio_down,11.77254
2018-08-27,ratio_down,11.17551
2018-09-03,ratio_down,14.42151
2018-09-10,ratio_down,15.59239
2018-09-17,ratio_down,13.47669
2018-09-24,ratio_down,11.16392
2018-10-01,ratio_down,12.9724
2018-10-08,ratio_down,26.49547
2018-10-15,ratio_down,10.52631
2018-10-22,ratio_down,15.8996
2018-10-29,ratio_down,20.38024
2018-11-05,ratio_down,18.83259
2018-11-12,ratio_down,19.02388
2018-11-19,ratio_down,21.37143
2018-11-26,ratio_down,23.08138
2018-12-03,ratio_down,23.07558
2018-12-10,ratio_down,18.3341
2018-12-17,ratio_down,15.40111
2018-12-24,ratio_down,14.2708
2018-12-31,ratio_down,15.55182
2019-01-07,ratio_down,17.89937
2019-01-14,ratio_down,20.24692
2019-01-21,ratio_down,18.83259
2019-01-28,ratio_down,15.4127
2019-02-04,ratio_down,17.33712
2019-02-11,ratio_down,19.60932
2019-02-18,ratio_down,14.63598
2019-02-25,ratio_down,13.7897
2019-03-04,ratio_down,13.72594
2019-03-11,ratio_down,12.14931
2019-03-18,ratio_down,10.47994
2019-03-25,ratio_down,9.77857
2019-04-01,ratio_down,8.81057
2019-04-08,ratio_down,8.12659
2019-04-15,ratio_down,13.77811
2019-04-22,ratio_down,6.46301
2019-04-29,ratio_down,5.60514
2019-05-06,ratio_down,7.19336
2019-05-13,ratio_down,6.9673
2019-05-20,ratio_down,7.6281
2019-05-27,ratio_down,6.3181
2019-06-03,ratio_down,5.81381
2019-06-10,ratio_down,5.64572
2019-06-17,ratio_down,4.83422
2019-06-24,ratio_down,5.15302
2019-07-01,ratio_down,4.66032
2019-07-08,ratio_down,4.18502
2019-07-15,ratio_down,4.41108
2019-07-22,ratio_down,3.54161
2019-07-29,ratio_down,3.44307
2019-08-05,ratio_down,5.07187
2019-08-12,ratio_down,4.82262
2019-08-19,ratio_down,4.56758
2019-08-26,ratio_down,4.82262
2019-09-02,ratio_down,5.6747
2019-09-09,ratio_down,4.72988
2019-09-16,ratio_down,5.89496
2019-09-23,ratio_down,5.837
2019-09-30,ratio_down,5.64572
2019-10-07,ratio_down,6.22536
2019-10-14,ratio_down,6.77022
2019-10-21,ratio_down,7.97588
2019-10-28,ratio_down,6.94991
2019-11-04,ratio_down,8.12079
2019-11-11,ratio_down,8.24252
2019-11-18,ratio_down,9.91189
2019-11-25,ratio_down,10.09158
2019-12-02,ratio_down,13.23324
2019-12-09,ratio_down,14.56642
2019-12-16,ratio_down,20.20635
2019-12-23,ratio_down,14.94319
2019-12-30,ratio_down,14.94899
2020-01-06,ratio_down,15.63297
2020-01-13,ratio_down,18.45003
2020-01-20,ratio_down,16.40389
2020-01-27,ratio_down,17.15743
2020-02-03,ratio_down,18.58914
2020-02-10,ratio_down,25.39415
2020-02-17,ratio_down,24.85508
2020-02-24,ratio_down,32.39044
2020-03-02,ratio_down,29.80523
2020-03-09,ratio_down,71.40621
2020-03-16,ratio_down,100.0
2020-03-23,ratio_down,63.24484
2020-03-30,ratio_down,48.94504
2020-04-06,ratio_down,40.0881
2020-04-13,ratio_down,37.31161
2020-04-20,ratio_down,37.31741
2020-04-27,ratio_down,29.27776
2020-05-04,ratio_down,21.96846
2020-05-11,ratio_down,19.22095
2020-05-18,ratio_down,17.26176
2020-05-25,ratio_down,19.67887
2020-06-01,ratio_down,22.18873
2020-06-08,ratio_down,22.50173
2020-06-15,ratio_down,28.87781
2020-06-22,ratio_down,31.01669
2020-06-29,ratio_down,36.90006
2020-07-06,ratio_down,36.01901
2020-07-13,ratio_down,36.24507
2020-07-20,ratio_down,34.52353
2020-07-27,ratio_down,34.4018
2020-08-03,ratio_down,32.27451
2020-08-10,ratio_down,33.40482
2020-08-17,ratio_down,37.24205
2020-08-24,ratio_down,31.66009
2020-08-31,ratio_down,30.01391
2020-09-07,ratio_down,37.01599
2020-09-14,ratio_down,31.37027
2020-09-21,ratio_down,35.59007
2020-09-28,ratio_down,29.02851
2020-10-05,ratio_down,30.21099
2020-10-12,ratio_down,31.74124
2020-10-19,ratio_down,32.68026
2020-10-26,ratio_down,34.15835
2020-11-02,ratio_down,29.48643
2020-11-09,ratio_down,37.3232
2020-11-16,ratio_down,40.96916
2020-11-23,ratio_down,38.48829
2020-11-30,ratio_down,32.00788
2020-12-07,ratio_down,35.27706
2020-12-14,ratio_down,32.69186
2020-12-21,ratio_down,37.07975
2020-12-28,ratio_down,32.19916
2021-01-04,ratio_down,31.13841
2021-01-11,ratio_down,46.70762
2021-01-18,ratio_down,43.03848
2021-01-25,ratio_down,53.22281
2021-02-01,ratio_down,46.64966
2021-02-08,ratio_down,43.10804
2021-02-15,ratio_down,47.37421
2021-02-22,ratio_down,55.57036
2021-03-01,ratio_down,41.82703
2021-03-08,ratio_down,43.25875
2021-03-15,ratio_down,47.06121
2021-03-22,ratio_down,54.67192
2021-03-29,ratio_down,46.35404
2021-04-05,ratio_down,44.94551
2021-04-12,ratio_down,32.76721
2021-04-19,ratio_down,33.4338
2021-04-26,ratio_down,27.64896
2021-05-03,ratio_down,24.15951
2021-05-10,ratio_down,37.984
2021-05-17,ratio_down,34.70322
2021-05-24,ratio_down,28.61117
2021-05-31,ratio_down,25.13331
2021-06-07,ratio_down,23.60885
2021-06-14,ratio_down,22.73939
2021-06-21,ratio_down,43.75724
2021-06-28,ratio_down,34.96985
2021-07-05,ratio_down,32.63969
2021-07-12,ratio_down,30.00231
2021-07-19,ratio_down,35.28866
2021-07-26,ratio_down,34.96406
2021-08-02,ratio_down,28.46626
2021-08-09,ratio_down,28.53002
2021-08-16,ratio_down,45.25852
2021-08-23,ratio_down,39.98956
2021-08-30,ratio_down,35.85671
2021-09-06,ratio_down,36.17551
2021-09-13,ratio_down,29.89218
2021-09-20,ratio_down,38.03616
2021-09-27,ratio_down,50.26663
2021-10-04,ratio_down,44.62091
2021-10-11,ratio_down,51.65198
2021-10-18,ratio_down,52.85184
2021-10-25,ratio_down,43.03269
2021-11-01,ratio_down,45.69325
2021-11-08,ratio_down,44.00069
2021-11-15,ratio_down,38.69696
2021-11-22,ratio_down,37.329
2021-11-29,ratio_down,40.42429
2021-12-06,ratio_down,61.26246
2021-12-13,ratio_down,68.29932
2021-12-20,ratio_down,66.07349
2021-12-27,ratio_down,51.17087
2022-01-03,ratio_down,50.49849
2022-01-10,ratio_down,46.35984
2022-01-17,ratio_down,48.13354
2022-01-24,ratio_down,53.91258
2022-01-31,ratio_down,42.14583
2022-02-07,ratio_down,46.20333
2022-02-14,ratio_down,43.45583
2022-02-21,ratio_down,36.30883
2022-02-28,ratio_down,28.84882
2022-03-07,ratio_down,34.01924
2022-03-14,ratio_down,28.80245
2022-03-21,ratio_down,23.99721
2022-03-28,ratio_down,22.59448
2022-04-04,ratio_down,21.78298
2022-04-11,ratio_down,21.91629
2022-04-18,ratio_down,20.38024
2022-04-25,ratio_down,33.12659
2022-05-02,ratio_down,26.88963
2022-05-09,ratio_down,35.32923
2022-05-16,ratio_down,29.02272
2022-05-23,ratio_down,34.91189
2022-05-30,ratio_down,36.21029
2022-06-06,ratio_down,44.93392
2022-06-13,ratio_down,62.18409
2022-06-20,ratio_down,48.75376
2022-06-27,ratio_down,35.88569
2022-07-04,ratio_down,42.27335
2022-07-11,ratio_down,54.34152
2022-07-18,ratio_down,47.80894
2022-07-25,ratio_down,39.42151
2022-08-01,ratio_down,41.57199
2022-08-08,ratio_down,40.36633
2022-08-15,ratio_down,43.20078
2022-08-22,ratio_down,52.54463
2022-08-29,ratio_down,47.85532
2022-09-05,ratio_down,45.18896
2022-09-12,ratio_down,59.76698
2022-09-19,ratio_down,58.99605
2022-09-26,ratio_down,56.09784
2022-10-03,ratio_down,45.20635
2022-10-10,ratio_down,52.98516
2022-10-17,ratio_down,50.65499
2022-10-24,ratio_down,47.68722
2022-10-31,ratio_down,43.60653
2022-11-07,ratio_down,45.74542
2022-11-14,ratio_down,47.95386
2022-11-21,ratio_down,43.91954
2022-11-28,ratio_down,38.11152
2022-12-05,ratio_down,38.15209
2022-12-12,ratio_down,54.74147
2022-12-19,ratio_down,46.72501
2022-12-26,ratio_down,38.52886
2023-01-02,ratio_down,37.3232
2023-01-09,ratio_down,32.74402
2023-01-16,ratio_down,29.81683
2023-01-23,ratio_down,30.84859
2023-01-30,ratio_down,31.50359
2023-02-06,ratio_down,30.11245
2023-02-13,ratio_down,26.80848
2023-02-20,ratio_down,21.93368
2023-02-27,ratio_down,18.53698
2023-03-06,ratio_down,19.33688
2023-03-13,ratio_down,19.07604
2023-03-20,ratio_down,16.26478
2023-03-27,ratio_down,14.46788
2023-04-03,ratio_down,13.03037
2023-04-10,ratio_down,12.38696
2023-04-17,ratio_down,11.33201
2023-04-24,ratio_down,11.90006
2023-05-01,ratio_down,10.07419
2023-05-08,ratio_down,10.45675
2023-05-15,ratio_down,9.61627
2023-05-22,ratio_down,9.00185
2023-05-29,ratio_down,7.47739
2023-06-05,ratio_down,8.87433
2023-06-12,ratio_down,8.49756
2023-06-19,ratio_down,7.96429
2023-06-26,ratio_down,8.02805
2023-07-03,ratio_down,8.38163
2023-07-10,ratio_down,7.31509
2023-07-17,ratio_down,7.56434
2023-07-24,ratio_down,7.76141
2023-07-31,ratio_down,6.83978
2023-08-07,ratio_down,7.73243
2023-08-14,ratio_down,9.8945
2023-08-21,ratio_down,8.31207
2023-08-28,ratio_down,8.63667
2023-09-04,ratio_down,7.89473
2023-09-11,ratio_down,9.35543
2023-09-18,ratio_down,8.34685
2023-09-25,ratio_down,7.1354
2023-10-02,ratio_down,9.39021
2023-10-09,ratio_down,9.37862
2023-10-16,ratio_down,10.49733
2023-10-23,ratio_down,12.75794
2023-10-30,ratio_down,11.96962
2023-11-06,ratio_down,12.18409
2023-11-13,ratio_down,16.3807
2023-11-20,ratio_down,14.21284
2023-11-27,ratio_down,13.9462
2023-12-04,ratio_down,18.89635
2023-12-11,ratio_down,13.7955
2023-12-18,ratio_down,12.12613
2023-12-25,ratio_down,11.50011
2024-01-01,ratio_down,10.52051
2024-01-08,ratio_down,12.61303
2024-01-15,ratio_down,13.49408
2024-01-22,ratio_down,12.56086
2024-01-29,ratio_down,12.63621
2024-02-05,ratio_down,10.09158
2024-02-12,ratio_down,10.65383
2024-02-19,ratio_down,9.99304
2024-02-26,ratio_down,9.21632
2024-03-04,ratio_down,9.51773
2024-03-11,ratio_down,9.71481
2024-03-18,ratio_down,8.31207
2024-03-25,ratio_down,6.49779
2024-04-01,ratio_down,7.32668
2024-04-08,ratio_down,7.88894
2024-04-15,ratio_down,9.00185
2024-04-22,ratio_down,7.75562
2024-04-29,ratio_down,6.26594
2024-05-06,ratio_down,5.78483
2024-05-13,ratio_down,5.49501
2024-05-20,ratio_down,5.90076
2024-05-27,ratio_down,5.23417
2024-06-03,ratio_down,4.49802
2024-06-10,ratio_down,5.52979
2024-06-17,ratio_down,5.31532
2024-06-24,ratio_down,4.90377
2024-07-01,ratio_down,4.99072
2024-07-08,ratio_down,5.20519
2024-07-15,ratio_down,5.46603
2024-07-22,ratio_down,5.70948
2024-07-29,ratio_down,6.43983
2024-08-05,ratio_down,12.82749
2024-08-12,ratio_down,6.28912
2024-08-19,ratio_down,6.23116
2024-08-26,ratio_down,6.09204
2024-09-02,ratio_down,7.84256
2024-09-09,ratio_down,5.837
2024-09-16,ratio_down,7.20496
2024-09-23,ratio_down,5.92974
2024-09-30,ratio_down,5.80222
2024-10-07,ratio_down,5.94713
2024-10-14,ratio_down,6.70067
2024-10-21,ratio_down,6.92093
2024-10-28,ratio_down,6.92673
2024-11-04,ratio_down,5.88337
2024-11-11,ratio_down,7.72664
2024-11-18,ratio_down,8.94968
2024-11-25,ratio_down,8.51495
2024-12-02,ratio_down,8.76999
2024-12-09,ratio_down,9.59888
2024-12-16,ratio_down,8.52654
2024-12-23,ratio_down,8.72362
2024-12-30,ratio_down,6.56155
2025-01-06,ratio_down,7.4658
2025-01-13,ratio_down,8.05703
2025-01-20,ratio_down,7.68606
2025-01-27,ratio_down,6.99629
2025-02-03,ratio_down,8.41061
2025-02-10,ratio_down,6.82819
2025-02-17,ratio_down,6.89195
2025-02-24,ratio_down,7.07164
2025-03-03,ratio_down,6.21956
2025-03-10,ratio_down,5.79063
2025-03-17,ratio_down,4.51541
2025-03-24,ratio_down,4.68351
2025-03-31,ratio_down,5.48342
2025-04-07,ratio_down,6.06306
2025-04-14,ratio_down,4.10966
2025-04-21,ratio_down,3.70391
2025-04-28,ratio_down,2.86343
2025-05-05,ratio_down,3.12427
2025-05-12,ratio_down,3.51263
2025-05-19,ratio_down,3.20542
2025-05-26,ratio_down,3.0837
2025-06-02,ratio_down,3.32715
2025-06-09,ratio_down,3.92997
2025-06-16,ratio_down,3.59378
2025-06-23,ratio_down,7.08903
2025-06-30,ratio_down,10.75237
2025-07-07,ratio_down,6.61952
2025-07-14,ratio_down,5.68629
2025-07-21,ratio_down,6.3297
2025-07-28,ratio_down,5.14722
2025-08-04,ratio_down,3.75608
2025-08-11,ratio_down,3.13007
2025-08-18,ratio_down,3.94736
2025-08-25,ratio_down,3.28657
2025-09-01,ratio_down,2.9098
2025-09-08,ratio_down,2.95617
2025-09-15,ratio_down,2.88662
2025-09-22,ratio_down,3.67493
2025-09-29,ratio_down,2.46927
2025-10-06,ratio_down,3.59378
2025-10-13,ratio_down,6.15001
2025-10-20,ratio_down,4.88059
2025-10-27,ratio_down,4.03431
2025-11-03,ratio_down,6.9673
2025-11-10,ratio_down,4.45165
2025-11-17,ratio_down,6.14421
2025-11-24,ratio_down,3.43728
2025-12-01,ratio_down,3.19383
2025-12-08,ratio_down,2.66635
2025-12-15,ratio_down,3.18803
2025-12-22,ratio_down,2.36494
2025-12-29,ratio_down,2.46927
2026-01-05,ratio_down,2.4345
2026-01-12,ratio_down,2.57361
2026-01-19,ratio_down,3.59378
2026-01-26,ratio_down,5.26895
2026-02-02,ratio_down,10.20171
2026-02-09,ratio_down,5.9993
2026-02-16,ratio_down,6.12102
2026-02-23,ratio_down,11.94644
2026-03-02,ratio_down,8.00486
2026-03-09,ratio_down,5.79063
2026-03-16,ratio_down,4.66612
2026-03-23,ratio_down,5.21678
2026-03-30,ratio_down,3.69812
2026-04-06,ratio_down,2.31857
2026-04-13,ratio_down,1.98237
2026-04-20,ratio_down,1.91861
2026-04-27,ratio_down,1.68676
2026-05-04,ratio_down,2.51565
2026-05-11,ratio_down,3.87781
2026-05-18,ratio_down,3.00255
2026-05-25,ratio_down,2.19684
2026-06-01,ratio_down,3.81405
2026-06-08,ratio_down,3.17064
2026-06-15,ratio_down,1.2926
2026-06-22,ratio_down,3.17064
2026-06-29,ratio_down,1.623
2026-07-06,ratio_down,2.95038
2026-07-13,ratio_down,3.21701
2026-07-20,ratio_down,2.591
2026-07-27,ratio_down,3.41409
2026-08-03,ratio_down,1.53025
2026-08-10,ratio_down,2.96197
2026-08-17,ratio_down,2.35335
2026-08-24,ratio_down,3.246
2026-08-31,ratio_down,11.62184
2026-09-07,ratio_down,2.98516
2026-09-14,ratio_down,2.55042
2026-09-21,ratio_down,2.20843
2026-09-28,ratio_down,2.34755
2015-12-28,ratio_up,0.35358
2016-01-04,ratio_up,0.4869
2016-01-11,ratio_up,0.74194
2016-01-18,ratio_up,0.63181
2016-01-25,ratio_up,0.60862
2016-02-01,ratio_up,0.51588
2016-02-08,ratio_up,0.52747
2016-02-15,ratio_up,0.68397
2016-02-22,ratio_up,0.86366
2016-02-29,ratio_up,0.98539
2016-03-07,ratio_up,1.00278
2016-03-14,ratio_up,0.76512
2016-03-21,ratio_up,0.71296
2016-03-28,ratio_up,0.82888
2016-04-04,ratio_up,1.07233
2016-04-11,ratio_up,1.14189
2016-04-18,ratio_up,1.17667
2016-04-25,ratio_up,1.00857
2016-05-02,ratio_up,0.86366
2016-05-09,ratio_up,0.89265
2016-05-16,ratio_up,1.17087
2016-05-23,ratio_up,1.64618
2016-05-30,ratio_up,1.24043
2016-06-06,ratio_up,1.58242
2016-06-13,ratio_up,1.48968
2016-06-20,ratio_up,1.35636
2016-06-27,ratio_up,0.83468
2016-07-04,ratio_up,1.15928
2016-07-11,ratio_up,1.39693
2016-07-18,ratio_up,0.71296
2016-07-25,ratio_up,0.78831
2016-08-01,ratio_up,0.62021
2016-08-08,ratio_up,0.86366
2016-08-15,ratio_up,1.00278
2016-08-22,ratio_up,1.63459
2016-08-29,ratio_up,1.74472
2016-09-05,ratio_up,1.90122
2016-09-12,ratio_up,1.26941
2016-09-19,ratio_up,1.84906
2016-09-26,ratio_up,2.06932
2016-10-03,ratio_up,2.88082
2016-10-10,ratio_up,2.78228
2016-10-17,ratio_up,1.99976
2016-10-24,ratio_up,0.89265
2016-10-31,ratio_up,0.9622
2016-11-07,ratio_up,1.02017
2016-11-14,ratio_up,0.41154
2016-11-21,ratio_up,0.39995
2016-11-28,ratio_up,0.57384
2016-12-05,ratio_up,0.38256
2016-12-12,ratio_up,0.33619
2016-12-19,ratio_up,0.41154
2016-12-26,ratio_up,0.4753
2017-01-02,ratio_up,0.38836
2017-01-09,ratio_up,0.29561
2017-01-16,ratio_up,0.51008
2017-01-23,ratio_up,0.33619
2017-01-30,ratio_up,1.79109
2017-02-06,ratio_up,0.56805
2017-02-13,ratio_up,0.4753
2017-02-20,ratio_up,0.41734
2017-02-27,ratio_up,0.79411
2017-03-06,ratio_up,0.98539
2017-03-13,ratio_up,1.2926
2017-03-20,ratio_up,0.88105
2017-03-27,ratio_up,0.72455
2017-04-03,ratio_up,0.82888
2017-04-10,ratio_up,0.73035
2017-04-17,ratio_up,1.03756
2017-04-24,ratio_up,1.34477
2017-05-01,ratio_up,1.05495
2017-05-08,ratio_up,1.01437
2017-05-15,ratio_up,1.59981
2017-05-22,ratio_up,2.95038
2017-05-29,ratio_up,4.10387
2017-06-05,ratio_up,5.00811
2017-06-12,ratio_up,2.5968
2017-06-19,ratio_up,1.43171
2017-06-26,ratio_up,1.54185
2017-07-03,ratio_up,0.97959
2017-07-10,ratio_up,2.30697
2017-07-17,ratio_up,2.2606
2017-07-24,ratio_up,2.71272
2017-07-31,ratio_up,2.22582
2017-08-07,ratio_up,1.17667
2017-08-14,ratio_up,0.89844
2017-08-21,ratio_up,0.95061
2017-08-28,ratio_up,0.72455
2017-09-04,ratio_up,1.10711
2017-09-11,ratio_up,1.26362
2017-09-18,ratio_up,1.22884
2017-09-25,ratio_up,1.06074
2017-10-02,ratio_up,0.91003
2017-10-09,ratio_up,0.67818
2017-10-16,ratio_up,0.77672
2017-10-23,ratio_up,0.79411
2017-10-30,ratio_up,1.35636
2017-11-06,ratio_up,0.968
2017-11-13,ratio_up,0.75933
2017-11-20,ratio_up,1.21725
2017-11-27,ratio_up,0.86946
2017-12-04,ratio_up,0.65499
2017-12-11,ratio_up,0.6434
2017-12-18,ratio_up,1.04335
2017-12-25,ratio_up,0.93322
2018-01-01,ratio_up,1.65777
2018-01-08,ratio_up,2.61418
2018-01-15,ratio_up,2.70693
2018-01-22,ratio_up,2.55622
2018-01-29,ratio_up,2.13888
2018-02-05,ratio_up,1.43751
2018-02-12,ratio_up,1.05495
2018-02-19,ratio_up,1.39114
2018-02-26,ratio_up,1.2926
2018-03-05,ratio_up,1.25202
2018-03-12,ratio_up,1.32158
2018-03-19,ratio_up,1.73313
2018-03-26,ratio_up,2.09251
2018-04-02,ratio_up,1.66937
2018-04-09,ratio_up,0.70136
2018-04-16,ratio_up,0.62601
2018-04-23,ratio_up,0.63181
2018-04-30,ratio_up,0.72455
2018-05-07,ratio_up,0.76512
2018-05-14,ratio_up,0.91003
2018-05-21,ratio_up,0.57964
2018-05-28,ratio_up,0.61442
2018-06-04,ratio_up,0.74194
2018-06-11,ratio_up,0.85207
2018-06-18,ratio_up,0.60282
2018-06-25,ratio_up,0.75933
2018-07-02,ratio_up,1.05495
2018-07-09,ratio_up,0.87526
2018-07-16,ratio_up,1.30419
2018-07-23,ratio_up,1.46649
2018-07-30,ratio_up,1.73313
2018-08-06,ratio_up,2.33016
2018-08-13,ratio_up,3.26338
2018-08-20,ratio_up,8.428
2018-08-27,ratio_up,5.32112
2018-09-03,ratio_up,6.19058
2018-09-10,ratio_up,6.67748
2018-09-17,ratio_up,2.84604
2018-09-24,ratio_up,2.68374
2018-10-01,ratio_up,2.79387
2018-10-08,ratio_up,2.1099
2018-10-15,ratio_up,2.01136
2018-10-22,ratio_up,1.53605
2018-10-29,ratio_up,1.60561
2018-11-05,ratio_up,1.33317
2018-11-12,ratio_up,1.2868
2018-11-19,ratio_up,1.1361
2018-11-26,ratio_up,1.08393
2018-12-03,ratio_up,0.88105
2018-12-10,ratio_up,0.39415
2018-12-17,ratio_up,0.60862
2018-12-24,ratio_up,0.35937
2018-12-31,ratio_up,0.38836
2019-01-07,ratio_up,0.43473
2019-01-14,ratio_up,0.46951
2019-01-21,ratio_up,0.55645
2019-01-28,ratio_up,0.33619
2019-02-04,ratio_up,0.72455
2019-02-11,ratio_up,0.40575
2019-02-18,ratio_up,0.56225
2019-02-25,ratio_up,0.24345
2019-03-04,ratio_up,0.30721
2019-03-11,ratio_up,0.70136
2019-03-18,ratio_up,0.56805
2019-03-25,ratio_up,1.06074
2019-04-01,ratio_up,0.70136
2019-04-08,ratio_up,0.57384
2019-04-15,ratio_up,0.45212
2019-04-22,ratio_up,0.54486
2019-04-29,ratio_up,0.54486
2019-05-06,ratio_up,0.4811
2019-05-13,ratio_up,0.53906
2019-05-20,ratio_up,1.04335
2019-05-27,ratio_up,1.28101
2019-06-03,ratio_up,0.94481
2019-06-10,ratio_up,1.52446
2019-06-17,ratio_up,1.43171
2019-06-24,ratio_up,1.87224
2019-07-01,ratio_up,1.76211
2019-07-08,ratio_up,1.80848
2019-07-15,ratio_up,1.76791
2019-07-22,ratio_up,1.65777
2019-07-29,ratio_up,1.79109
2019-08-05,ratio_up,1.59981
2019-08-12,ratio_up,1.35056
2019-08-19,ratio_up,1.32158
2019-08-26,ratio_up,1.03756
2019-09-02,ratio_up,0.86946
2019-09-09,ratio_up,1.08972
2019-09-16,ratio_up,1.70415
2019-09-23,ratio_up,1.68096
2019-09-30,ratio_up,2.1041
2019-10-07,ratio_up,1.83746
2019-10-14,ratio_up,1.98817
2019-10-21,ratio_up,2.78228
2019-10-28,ratio_up,2.60259
2019-11-04,ratio_up,3.77347
2019-11-11,ratio_up,2.89241
2019-11-18,ratio_up,2.7533
2019-11-25,ratio_up,3.79666
2019-12-02,ratio_up,4.0459
2019-12-09,ratio_up,5.14143
2019-12-16,ratio_up,4.2198
2019-12-23,ratio_up,1.85485
2019-12-30,ratio_up,1.88383
2020-01-06,ratio_up,2.19105
2020-01-13,ratio_up,2.30118
2020-01-20,ratio_up,1.2868
2020-01-27,ratio_up,1.2868
2020-02-03,ratio_up,1.75052
2020-02-10,ratio_up,3.69812
2020-02-17,ratio_up,3.16485
2020-02-24,ratio_up,2.15627
2020-03-02,ratio_up,1.98817
2020-03-09,ratio_up,2.64896
2020-03-16,ratio_up,3.63436
2020-03-23,ratio_up,2.34175
2020-03-30,ratio_up,2.48087
2020-04-06,ratio_up,1.37955
2020-04-13,ratio_up,1.84906
2020-04-20,ratio_up,1.21725
2020-04-27,ratio_up,1.17087
2020-05-04,ratio_up,1.07813
2020-05-11,ratio_up,1.02017
2020-05-18,ratio_up,1.09552
2020-05-25,ratio_up,1.70415
2020-06-01,ratio_up,3.47206
2020-06-08,ratio_up,4.29515
2020-06-15,ratio_up,5.12984
2020-06-22,ratio_up,6.39925
2020-06-29,ratio_up,7.44261
2020-07-06,ratio_up,6.68907
2020-07-13,ratio_up,5.77324
2020-07-20,ratio_up,6.20217
2020-07-27,ratio_up,6.51518
2020-08-03,ratio_up,4.35891
2020-08-10,ratio_up,4.30095
2020-08-17,ratio_up,2.87502
2020-08-24,ratio_up,3.30976
2020-08-31,ratio_up,3.34453
2020-09-07,ratio_up,4.0517
2020-09-14,ratio_up,3.22861
2020-09-21,ratio_up,2.97936
2020-09-28,ratio_up,2.28379
2020-10-05,ratio_up,3.81405
2020-10-12,ratio_up,4.64873
2020-10-19,ratio_up,3.75028
2020-10-26,ratio_up,5.65151
2020-11-02,ratio_up,5.62253
2020-11-09,ratio_up,7.50057
2020-11-16,ratio_up,8.23092
2020-11-23,ratio_up,8.29469
2020-11-30,ratio_up,6.06306
2020-12-07,ratio_up,6.46881
2020-12-14,ratio_up,5.11245
2020-12-21,ratio_up,4.83422
2020-12-28,ratio_up,5.22258
2021-01-04,ratio_up,4.08068
2021-01-11,ratio_up,3.28077
2021-01-18,ratio_up,3.37352
2021-01-25,ratio_up,3.7213
2021-02-01,ratio_up,3.92418
2021-02-08,ratio_up,3.62276
2021-02-15,ratio_up,4.15603
2021-02-22,ratio_up,2.7533
2021-03-01,ratio_up,3.4025
2021-03-08,ratio_up,4.67771
2021-03-15,ratio_up,4.13865
2021-03-22,ratio_up,4.01692
2021-03-29,ratio_up,4.26037
2021-04-05,ratio_up,4.89218
2021-04-12,ratio_up,4.42267
2021-04-19,ratio_up,3.73869
2021-04-26,ratio_up,3.73869
2021-05-03,ratio_up,2.99095
2021-05-10,ratio_up,4.34732
2021-05-17,ratio_up,4.869
2021-05-24,ratio_up,4.90377
2021-05-31,ratio_up,5.37908
2021-06-07,ratio_up,4.46325
2021-06-14,ratio_up,4.13285
2021-06-21,ratio_up,3.19383
2021-06-28,ratio_up,3.68073
2021-07-05,ratio_up,3.81984
2021-07-12,ratio_up,3.99953
2021-07-19,ratio_up,4.01112
2021-07-26,ratio_up,4.15024
2021-08-02,ratio_up,3.69232
2021-08-09,ratio_up,3.68073
2021-08-16,ratio_up,5.11245
2021-08-23,ratio_up,7.6165
2021-08-30,ratio_up,5.90076
2021-09-06,ratio_up,5.91235
2021-09-13,ratio_up,5.11824
2021-09-20,ratio_up,5.10085
2021-09-27,ratio_up,5.37908
2021-10-04,ratio_up,4.95594
2021-10-11,ratio_up,5.21678
2021-10-18,ratio_up,5.22258
2021-10-25,ratio_up,4.57338
2021-11-01,ratio_up,4.25457
2021-11-08,ratio_up,4.01692
2021-11-15,ratio_up,3.84303
2021-11-22,ratio_up,3.87201
2021-11-29,ratio_up,3.71551
2021-12-06,ratio_up,2.76489
2021-12-13,ratio_up,2.93878
2021-12-20,ratio_up,2.56781
2021-12-27,ratio_up,2.38233
2022-01-03,ratio_up,1.56503
2022-01-10,ratio_up,1.90122
2022-01-17,ratio_up,1.86065
2022-01-24,ratio_up,1.42592
2022-01-31,ratio_up,1.40273
2022-02-07,ratio_up,1.51286
2022-02-14,ratio_up,1.50707
2022-02-21,ratio_up,1.58822
2022-02-28,ratio_up,1.62879
2022-03-07,ratio_up,4.01692
2022-03-14,ratio_up,4.78785
2022-03-21,ratio_up,3.86042
2022-03-28,ratio_up,3.83723
2022-04-04,ratio_up,3.39091
2022-04-11,ratio_up,3.16485
2022-04-18,ratio_up,2.84604
2022-04-25,ratio_up,3.00255
2022-05-02,ratio_up,2.5852
2022-05-09,ratio_up,3.91258
2022-05-16,ratio_up,4.08068
2022-05-23,ratio_up,3.02573
2022-05-30,ratio_up,3.31555
2022-06-06,ratio_up,2.64317
2022-06-13,ratio_up,2.96197
2022-06-20,ratio_up,2.23742
2022-06-27,ratio_up,1.64038
2022-07-04,ratio_up,2.05193
2022-07-11,ratio_up,2.32436
2022-07-18,ratio_up,1.57662
2022-07-25,ratio_up,1.08972
2022-08-01,ratio_up,1.10132
2022-08-08,ratio_up,1.1361
2022-08-15,ratio_up,1.01437
2022-08-22,ratio_up,1.37955
2022-08-29,ratio_up,1.68676
2022-09-05,ratio_up,1.34477
2022-09-12,ratio_up,1.91861
2022-09-19,ratio_up,1.91282
2022-09-26,ratio_up,1.49547
2022-10-03,ratio_up,1.33897
2022-10-10,ratio_up,1.79109
2022-10-17,ratio_up,1.58242
2022-10-24,ratio_up,1.88963
2022-10-31,ratio_up,1.90702
2022-11-07,ratio_up,2.17945
2022-11-14,ratio_up,1.59401
2022-11-21,ratio_up,1.52446
2022-11-28,ratio_up,1.48968
2022-12-05,ratio_up,1.44331
2022-12-12,ratio_up,1.64618
2022-12-19,ratio_up,1.71574
2022-12-26,ratio_up,0.99118
2023-01-02,ratio_up,2.34755
2023-01-09,ratio_up,1.97658
2023-01-16,ratio_up,1.73892
2023-01-23,ratio_up,1.58242
2023-01-30,ratio_up,1.98817
2023-02-06,ratio_up,2.52144
2023-02-13,ratio_up,2.04613
2023-02-20,ratio_up,1.22884
2023-02-27,ratio_up,1.27521
2023-03-06,ratio_up,1.73892
2023-03-13,ratio_up,2.4229
2023-03-20,ratio_up,2.18525
2023-03-27,ratio_up,2.01136
2023-04-03,ratio_up,2.29538
2023-04-10,ratio_up,2.07512
2023-04-17,ratio_up,1.9476
2023-04-24,ratio_up,2.55622
2023-05-01,ratio_up,3.05471
2023-05-08,ratio_up,3.92418
2023-05-15,ratio_up,4.11546
2023-05-22,ratio_up,3.80825
2023-05-29,ratio_up,3.91258
2023-06-05,ratio_up,4.3705
2023-06-12,ratio_up,4.06329
2023-06-19,ratio_up,2.84604
2023-06-26,ratio_up,2.68954
2023-07-03,ratio_up,2.49826
2023-07-10,ratio_up,2.05193
2023-07-17,ratio_up,4.44006
2023-07-24,ratio_up,3.93577
2023-07-31,ratio_up,4.41687
2023-08-07,ratio_up,3.53582
2023-08-14,ratio_up,4.23139
2023-08-21,ratio_up,3.98794
2023-08-28,ratio_up,4.97333
2023-09-04,ratio_up,4.40528
2023-09-11,ratio_up,6.28332
2023-09-18,ratio_up,5.31532
2023-09-25,ratio_up,4.16763
2023-10-02,ratio_up,4.52701
2023-10-09,ratio_up,4.41687
2023-10-16,ratio_up,4.46325
2023-10-23,ratio_up,4.17922
2023-10-30,ratio_up,3.46046
2023-11-06,ratio_up,2.98516
2023-11-13,ratio_up,2.68374
2023-11-20,ratio_up,2.07512
2023-11-27,ratio_up,2.38812
2023-12-04,ratio_up,1.9418
2023-12-11,ratio_up,1.55923
2023-12-18,ratio_up,1.75052
2023-12-25,ratio_up,1.2926
2024-01-01,ratio_up,1.46649
2024-01-08,ratio_up,1.37955
2024-01-15,ratio_up,1.49547
2024-01-22,ratio_up,1.71574
2024-01-29,ratio_up,1.48968
2024-02-05,ratio_up,1.10711
2024-02-12,ratio_up,1.1245
2024-02-19,ratio_up,1.2984
2024-02-26,ratio_up,1.43751
2024-03-04,ratio_up,1.56503
2024-03-11,ratio_up,2.56202
2024-03-18,ratio_up,2.99095
2024-03-25,ratio_up,3.57639
2024-04-01,ratio_up,3.54741
2024-04-08,ratio_up,4.99652
2024-04-15,ratio_up,4.27196
2024-04-22,ratio_up,2.96197
2024-04-29,ratio_up,3.05471
2024-05-06,ratio_up,3.30976
2024-05-13,ratio_up,3.43148
2024-05-20,ratio_up,5.52979
2024-05-27,ratio_up,5.43705
2024-06-03,ratio_up,5.12984
2024-06-10,ratio_up,5.21678
2024-06-17,ratio_up,7.92371
2024-06-24,ratio_up,5.8428
2024-07-01,ratio_up,6.31231
2024-07-08,ratio_up,8.5961
2024-07-15,ratio_up,8.45699
2024-07-22,ratio_up,7.74402
2024-07-29,ratio_up,6.54416
2024-08-05,ratio_up,5.04289
2024-08-12,ratio_up,5.62253
2024-08-19,ratio_up,6.95571
2024-08-26,ratio_up,5.62833
2024-09-02,ratio_up,3.93577
2024-09-09,ratio_up,4.02272
2024-09-16,ratio_up,3.35033
2024-09-23,ratio_up,3.71551
2024-09-30,ratio_up,2.01715
2024-10-07,ratio_up,2.30118
2024-10-14,ratio_up,2.7533
2024-10-21,ratio_up,1.91282
2024-10-28,ratio_up,1.75052
2024-11-04,ratio_up,1.68096
2024-11-11,ratio_up,1.40853
2024-11-18,ratio_up,0.98539
2024-11-25,ratio_up,1.04915
2024-12-02,ratio_up,1.04335
2024-12-09,ratio_up,1.36795
2024-12-16,ratio_up,1.08393
2024-12-23,ratio_up,0.66658
2024-12-30,ratio_up,0.54486
2025-01-06,ratio_up,0.68397
2025-01-13,ratio_up,0.6434
2025-01-20,ratio_up,0.71875
2025-01-27,ratio_up,0.74773
2025-02-03,ratio_up,0.71296
2025-02-10,ratio_up,0.95641
2025-02-17,ratio_up,1.27521
2025-02-24,ratio_up,1.4491
2025-03-03,ratio_up,1.64618
2025-03-10,ratio_up,2.13308
2025-03-17,ratio_up,2.50985
2025-03-24,ratio_up,1.32158
2025-03-31,ratio_up,2.03454
2025-04-07,ratio_up,1.24623
2025-04-14,ratio_up,1.03756
2025-04-21,ratio_up,0.72455
2025-04-28,ratio_up,0.8057
2025-05-05,ratio_up,0.74773
2025-05-12,ratio_up,1.22884
2025-05-19,ratio_up,1.19986
2025-05-26,ratio_up,2.04034
2025-06-02,ratio_up,4.28356
2025-06-09,ratio_up,6.06306
2025-06-16,ratio_up,10.30605
2025-06-23,ratio_up,11.07697
2025-06-30,ratio_up,4.30095
2025-07-07,ratio_up,2.33016
2025-07-14,ratio_up,1.27521
2025-07-21,ratio_up,1.4491
2025-07-28,ratio_up,0.89265
2025-08-04,ratio_up,1.15348
2025-08-11,ratio_up,1.41432
2025-08-18,ratio_up,1.34477
2025-08-25,ratio_up,1.25202
2025-09-01,ratio_up,1.2926
2025-09-08,ratio_up,1.88963
2025-09-15,ratio_up,2.02875
2025-09-22,ratio_up,3.86042
2025-09-29,ratio_up,3.37931
2025-10-06,ratio_up,3.06631
2025-10-13,ratio_up,4.67192
2025-10-20,ratio_up,4.34152
2025-10-27,ratio_up,2.63157
2025-11-03,ratio_up,1.88383
2025-11-10,ratio_up,1.55344
2025-11-17,ratio_up,1.98237
2025-11-24,ratio_up,1.99397
2025-12-01,ratio_up,1.50707
2025-12-08,ratio_up,1.20565
2025-12-15,ratio_up,1.55923
2025-12-22,ratio_up,1.51866
2025-12-29,ratio_up,1.28101
2026-01-05,ratio_up,1.34477
2026-01-12,ratio_up,1.50707
2026-01-19,ratio_up,1.6172
2026-01-26,ratio_up,1.39693
2026-02-02,ratio_up,1.79689
2026-02-09,ratio_up,0.93322
2026-02-16,ratio_up,0.99118
2026-02-23,ratio_up,1.39693
2026-03-02,ratio_up,0.8057
2026-03-09,ratio_up,0.92742
2026-03-16,ratio_up,0.86946
2026-03-23,ratio_up,0.74773
2026-03-30,ratio_up,1.55344
2026-04-06,ratio_up,1.21725
2026-04-13,ratio_up,1.00278
2026-04-20,ratio_up,1.97078
2026-04-27,ratio_up,1.62879
2026-05-04,ratio_up,1.88963
2026-05-11,ratio_up,2.16786
2026-05-18,ratio_up,1.63459
2026-05-25,ratio_up,1.4549
2026-06-01,ratio_up,1.22884
2026-06-08,ratio_up,1.50707
2026-06-15,ratio_up,1.48388
2026-06-22,ratio_up,1.17087
2026-06-29,ratio_up,1.32158
2026-07-06,ratio_up,1.08972
2026-07-13,ratio_up,1.04335
2026-07-20,ratio_up,1.06074
2026-07-27,ratio_up,1.62879
2026-08-03,ratio_up,0.87526
2026-08-10,ratio_up,0.71875
2026-08-17,ratio_up,0.79411
2026-08-24,ratio_up,0.46951
2026-08-31,ratio_up,0.67818
2026-09-07,ratio_up,1.01437
2026-09-14,ratio_up,1.32738
2026-09-21,ratio_up,0.74773
2026-09-28,ratio_up,0.71875
2015-12-28,sell,0.75685
2016-01-04,sell,1.88387
2016-01-11,sell,1.66333
2016-01-18,sell,1.76437
2016-01-25,sell,1.75563
2016-02-01,sell,1.65652
2016-02-08,sell,1.44958
2016-02-15,sell,1.78866
2016-02-22,sell,1.55354
2016-02-29,sell,1.5788
2016-03-07,sell,1.64681
2016-03-14,sell,1.73231
2016-03-21,sell,1.56714
2016-03-28,sell,1.46513
2016-04-04,sell,1.60309
2016-04-11,sell,1.42821
2016-04-18,sell,1.59046
2016-04-25,sell,2.16174
2016-05-02,sell,1.31842
2016-05-09,sell,1.71385
2016-05-16,sell,1.71773
2016-05-23,sell,1.80518
2016-05-30,sell,1.54965
2016-06-06,sell,1.58463
2016-06-13,sell,1.81878
2016-06-20,sell,1.81878
2016-06-27,sell,1.56714
2016-07-04,sell,1.66721
2016-07-11,sell,1.71676
2016-07-18,sell,1.66041
2016-07-25,sell,1.54674
2016-08-01,sell,1.75271
2016-08-08,sell,1.57977
2016-08-15,sell,1.55062
2016-08-22,sell,1.70316
2016-08-29,sell,1.69053
2016-09-05,sell,1.58366
2016-09-12,sell,1.07358
2016-09-19,sell,1.59337
2016-09-26,sell,1.53702
2016-10-03,sell,1.54479
2016-10-10,sell,1.51759
2016-10-17,sell,2.08596
2016-10-24,sell,1.74688
2016-10-31,sell,1.80712
2016-11-07,sell,2.02572
2016-11-14,sell,1.7702
2016-11-21,sell,1.72065
2016-11-28,sell,1.68179
2016-12-05,sell,1.8829
2016-12-12,sell,1.4933
2016-12-19,sell,1.43598
2016-12-26,sell,1.33202
2017-01-02,sell,1.4214
2017-01-09,sell,1.64487
2017-01-16,sell,1.67887
2017-01-23,sell,1.42626
2017-01-30,sell,1.64001
2017-02-06,sell,1.81392
2017-02-13,sell,1.65847
2017-02-20,sell,1.77894
2017-02-27,sell,1.35437
2017-03-06,sell,1.38254
2017-03-13,sell,1.70802
2017-03-20,sell,1.78283
2017-03-27,sell,1.51468
2017-04-03,sell,1.6575
2017-04-10,sell,1.51176
2017-04-17,sell,1.40003
2017-04-24,sell,1.3738
2017-05-01,sell,1.05415
2017-05-08,sell,1.46221
2017-05-15,sell,1.6915
2017-05-22,sell,2.43475
2017-05-29,sell,2.21809
2017-06-05,sell,1.97034
2017-06-12,sell,2.1802
2017-06-19,sell,2.24238
2017-06-26,sell,2.08985
2017-07-03,sell,1.84404
2017-07-10,sell,2.33565
2017-07-17,sell,1.97714
2017-07-24,sell,1.82752
2017-07-31,sell,3.00312
2017-08-07,sell,2.98952
2017-08-14,sell,2.35994
2017-08-21,sell,2.40949
2017-08-28,sell,2.30845
2017-09-04,sell,2.24724
2017-09-11,sell,2.40464
2017-09-18,sell,2.28902
2017-09-25,sell,1.92759
2017-10-02,sell,1.12313
2017-10-09,sell,1.86833
2017-10-16,sell,2.48916
2017-10-23,sell,2.88848
2017-10-30,sell,2.42407
2017-11-06,sell,2.81561
2017-11-13,sell,3.48697
2017-11-20,sell,3.52097
2017-11-27,sell,5.01622
2017-12-04,sell,7.51607
2017-12-11,sell,7.04583
2017-12-18,sell,11.24982
2017-12-25,sell,5.59528
2018-01-01,sell,6.16559
2018-01-08,sell,13.45821
2018-01-15,sell,18.80671
2018-01-22,sell,6.4969
2018-01-29,sell,6.7874
2018-02-05,sell,5.20276
2018-02-12,sell,3.43839
2018-02-19,sell,3.93583
2018-02-26,sell,3.72403
2018-03-05,sell,4.71018
2018-03-12,sell,4.86174
2018-03-19,sell,4.85202
2018-03-26,sell,5.14544
2018-04-02,sell,4.44591
2018-04-09,sell,4.71309
2018-04-16,sell,4.64314
2018-04-23,sell,4.62468
2018-04-30,sell,4.716
2018-05-07,sell,4.99873
2018-05-14,sell,5.0444
2018-05-21,sell,5.74684
2018-05-28,sell,6.49301
2018-06-04,sell,6.9788
2018-06-11,sell,7.17019
2018-06-18,sell,7.01183
2018-06-25,sell,6.14907
2018-07-02,sell,6.27246
2018-07-09,sell,9.3368
2018-07-16,sell,13.73802
2018-07-23,sell,11.62097
2018-07-30,sell,12.28649
2018-08-06,sell,11.86386
2018-08-13,sell,10.53961
2018-08-20,sell,10.51629
2018-08-27,sell,12.50024
2018-09-03,sell,12.92773
2018-09-10,sell,13.93428
2018-09-17,sell,14.09653
2018-09-24,sell,14.97483
2018-10-01,sell,14.4599
2018-10-08,sell,14.81258
2018-10-15,sell,14.36857
2018-10-22,sell,14.76594
2018-10-29,sell,15.20218
2018-11-05,sell,15.39455
2018-11-12,sell,16.64205
2018-11-19,sell,21.54654
2018-11-26,sell,18.48123
2018-12-03,sell,16.84316
2018-12-10,sell,16.17569
2018-12-17,sell,16.06493
2018-12-24,sell,16.09214
2018-12-31,sell,19.99786
2019-01-07,sell,18.93399
2019-01-14,sell,19.62769
2019-01-21,sell,19.8735
2019-01-28,sell,20.76346
2019-02-04,sell,18.17713
2019-02-11,sell,18.57353
2019-02-18,sell,18.44334
2019-02-25,sell,19.20991
2019-03-04,sell,20.53902
2019-03-11,sell,48.12972
2019-03-18,sell,28.30285
2019-03-25,sell,28.19501
2019-04-01,sell,24.93636
2019-04-08,sell,19.70639
2019-04-15,sell,17.57962
2019-04-22,sell,16.88008
2019-04-29,sell,15.84439
2019-05-06,sell,14.17037
2019-05-13,sell,14.06835
2019-05-20,sell,14.03046
2019-05-27,sell,15.20024
2019-06-03,sell,14.183
2019-06-10,sell,14.55706
2019-06-17,sell,12.64403
2019-06-24,sell,13.0482
2019-07-01,sell,18.14701
2019-07-08,sell,14.24032
2019-07-15,sell,13.94788
2019-07-22,sell,11.60056
2019-07-29,sell,12.31953
2019-08-05,sell,11.22651
2019-08-12,sell,10.34626
2019-08-19,sell,11.91244
2019-08-26,sell,10.0169
2019-09-02,sell,11.23525
2019-09-09,sell,9.80607
2019-09-16,sell,9.19398
2019-09-23,sell,9.159
2019-09-30,sell,8.21658
2019-10-07,sell,8.11359
2019-10-14,sell,8.67807
2019-10-21,sell,8.22046
2019-10-28,sell,7.72885
2019-11-04,sell,8.27779
2019-11-11,sell,7.74439
2019-11-18,sell,7.80755
2019-11-25,sell,7.42378
2019-12-02,sell,7.04972
2019-12-09,sell,11.244
2019-12-16,sell,7.40629
2019-12-23,sell,6.84958
2019-12-30,sell,7.70845
2020-01-06,sell,7.68804
2020-01-13,sell,6.81557
2020-01-20,sell,7.62198
2020-01-27,sell,6.69121
2020-02-03,sell,6.57268
2020-02-10,sell,100.0
2020-02-17,sell,13.09193
2020-02-24,sell,8.47307
2020-03-02,sell,10.65619
2020-03-09,sell,11.68606
2020-03-16,sell,11.33532
2020-03-23,sell,9.89448
2020-03-30,sell,9.15317
2020-04-06,sell,9.34652
2020-04-13,sell,8.09416
2020-04-20,sell,8.67905
2020-04-27,sell,7.38491
2020-05-04,sell,7.35285
2020-05-11,sell,7.2965
2020-05-18,sell,8.26418
2020-05-25,sell,7.19837
2020-06-01,sell,7.40143
2020-06-08,sell,6.73493
2020-06-15,sell,7.35965
2020-06-22,sell,6.40945
2020-06-29,sell,6.12576
2020-07-06,sell,6.73396
2020-07-13,sell,6.63486
2020-07-20,sell,7.05069
2020-07-27,sell,7.34799
2020-08-03,sell,6.92536
2020-08-10,sell,6.9205
2020-08-17,sell,7.2761
2020-08-24,sell,7.78131
2020-08-31,sell,7.15271
2020-09-07,sell,8.85879
2020-09-14,sell,7.5938
2020-09-21,sell,6.69995
2020-09-28,sell,5.24745
2020-10-05,sell,6.03346
2020-10-12,sell,7.91636
2020-10-19,sell,6.39002
2020-10-26,sell,6.03054
2020-11-02,sell,6.1481
2020-11-09,sell,6.8933
2020-11-16,sell,6.93605
2020-11-23,sell,6.41528
2020-11-30,sell,6.58045
2020-12-07,sell,6.22486
2020-12-14,sell,6.56393
2020-12-21,sell,6.94576
2020-12-28,sell,6.67858
2021-01-04,sell,7.61129
2021-01-11,sell,7.97368
2021-01-18,sell,7.22363
2021-01-25,sell,7.36937
2021-02-01,sell,7.73176
2021-02-08,sell,6.93993
2021-02-15,sell,7.69096
2021-02-22,sell,6.74076
2021-03-01,sell,6.46192
2021-03-08,sell,6.65526
2021-03-15,sell,7.45389
2021-03-22,sell,9.00064
2021-03-29,sell,7.63655
2021-04-05,sell,7.53842
2021-04-12,sell,8.4449
2021-04-19,sell,8.20395
2021-04-26,sell,6.18113
2021-05-03,sell,5.83234
2021-05-10,sell,6.08495
2021-05-17,sell,6.02471
2021-05-24,sell,5.90521
2021-05-31,sell,5.26106
2021-06-07,sell,5.06966
2021-06-14,sell,4.79082
2021-06-21,sell,5.23288
2021-06-28,sell,4.42259
2021-07-05,sell,4.82871
2021-07-12,sell,4.53238
2021-07-19,sell,4.58679
2021-07-26,sell,4.18261
2021-08-02,sell,4.50517
2021-08-09,sell,4.53626
2021-08-16,sell,4.67908
2021-08-23,sell,4.54404
2021-08-30,sell,4.43328
2021-09-06,sell,4.33612
2021-09-13,sell,4.17387
2021-09-20,sell,4.0087
2021-09-27,sell,4.24479
2021-10-04,sell,4.41968
2021-10-11,sell,4.25451
2021-10-18,sell,5.27563
2021-10-25,sell,5.05314
2021-11-01,sell,4.84231
2021-11-08,sell,4.89186
2021-11-15,sell,4.61593
2021-11-22,sell,4.06894
2021-11-29,sell,4.07088
2021-12-06,sell,4.34001
2021-12-13,sell,4.13986
2021-12-20,sell,4.5178
2021-12-27,sell,4.14472
2022-01-03,sell,4.40802
2022-01-10,sell,4.2069
2022-01-17,sell,4.25839
2022-01-24,sell,4.53724
2022-01-31,sell,3.70168
2022-02-07,sell,4.13598
2022-02-14,sell,4.16804
2022-02-21,sell,4.1282
2022-02-28,sell,3.88823
2022-03-07,sell,3.38884
2022-03-14,sell,3.75415
2022-03-21,sell,3.54818
2022-03-28,sell,3.73472
2022-04-04,sell,3.48697
2022-04-11,sell,4.01064
2022-04-18,sell,4.00287
2022-04-25,sell,4.07477
2022-05-02,sell,3.57927
2022-05-09,sell,4.80928
2022-05-16,sell,4.30503
2022-05-23,sell,4.06699
2022-05-30,sell,3.68808
2022-06-06,sell,3.91737
2022-06-13,sell,4.39927
2022-06-20,sell,4.18067
2022-06-27,sell,4.39636
2022-07-04,sell,5.50784
2022-07-11,sell,4.12723
2022-07-18,sell,3.89211
2022-07-25,sell,3.62687
2022-08-01,sell,4.47408
2022-08-08,sell,3.75512
2022-08-15,sell,3.99024
2022-08-22,sell,3.95915
2022-08-29,sell,3.72694
2022-09-05,sell,3.34706
2022-09-12,sell,3.99704
2022-09-19,sell,3.87171
2022-09-26,sell,3.97955
2022-10-03,sell,3.75221
2022-10-10,sell,4.15249
2022-10-17,sell,4.23799
2022-10-24,sell,4.07282
2022-10-31,sell,3.69294
2022-11-07,sell,3.89211
2022-11-14,sell,3.98538
2022-11-21,sell,3.73957
2022-11-28,sell,3.5268
2022-12-05,sell,3.62784
2022-12-12,sell,3.92417
2022-12-19,sell,3.56469
2022-12-26,sell,3.47725
2023-01-02,sell,3.8377
2023-01-09,sell,3.78815
2023-01-16,sell,3.39564
2023-01-23,sell,3.53749
2023-01-30,sell,3.82313
2023-02-06,sell,3.89891
2023-02-13,sell,3.96498
2023-02-20,sell,3.6055
2023-02-27,sell,3.27419
2023-03-06,sell,3.52777
2023-03-13,sell,3.80273
2023-03-20,sell,3.63076
2023-03-27,sell,3.63465
2023-04-03,sell,3.35192
2023-04-10,sell,3.8824
2023-04-17,sell,4.04173
2023-04-24,sell,3.17121
2023-05-01,sell,3.23727
2023-05-08,sell,3.43839
2023-05-15,sell,3.56178
2023-05-22,sell,3.07696
2023-05-29,sell,2.90985
2023-06-05,sell,2.76897
2023-06-12,sell,2.90888
2023-06-19,sell,2.78161
2023-06-26,sell,2.8331
2023-07-03,sell,2.76995
2023-07-10,sell,2.76703
2023-07-17,sell,2.9594
2023-07-24,sell,2.75246
2023-07-31,sell,2.78646
2023-08-07,sell,2.68542
2023-08-14,sell,2.89722
2023-08-21,sell,2.80395
2023-08-28,sell,2.87196
2023-09-04,sell,2.88653
2023-09-11,sell,2.83407
2023-09-18,sell,2.76217
2023-09-25,sell,2.21809
2023-10-02,sell,2.43475
2023-10-09,sell,2.58923
2023-10-16,sell,2.71262
2023-10-23,sell,2.89819
2023-10-30,sell,2.67473
2023-11-06,sell,2.67376
2023-11-13,sell,2.5834
2023-11-20,sell,2.75149
2023-11-27,sell,2.81172
2023-12-04,sell,2.95843
2023-12-11,sell,2.78452
2023-12-18,sell,2.63198
2023-12-25,sell,2.59215
2024-01-01,sell,2.51831
2024-01-08,sell,2.90014
2024-01-15,sell,3.00992
2024-01-22,sell,2.84767
2024-01-29,sell,2.85059
2024-02-05,sell,2.48916
2024-02-12,sell,2.90305
2024-02-19,sell,2.939
2024-02-26,sell,2.67862
2024-03-04,sell,2.83601
2024-03-11,sell,2.94386
2024-03-18,sell,2.76509
2024-03-25,sell,2.75051
2024-04-01,sell,2.56883
2024-04-08,sell,2.58923
2024-04-15,sell,2.75149
2024-04-22,sell,2.44544
2024-04-29,sell,2.22489
2024-05-06,sell,2.30359
2024-05-13,sell,2.98855
2024-05-20,sell,2.59409
2024-05-27,sell,2.56106
2024-06-03,sell,2.37549
2024-06-10,sell,2.41629
2024-06-17,sell,2.55231
2024-06-24,sell,2.43087
2024-07-01,sell,2.4231
2024-07-08,sell,2.35994
2024-07-15,sell,2.44253
2024-07-22,sell,2.35023
2024-07-29,sell,2.3376
2024-08-05,sell,2.48236
2024-08-12,sell,2.10831
2024-08-19,sell,2.2657
2024-08-26,sell,2.32885
2024-09-02,sell,2.14717
2024-09-09,sell,2.06459
2024-09-16,sell,2.05487
2024-09-23,sell,2.18506
2024-09-30,sell,1.86541
2024-10-07,sell,2.03252
2024-10-14,sell,2.06556
2024-10-21,sell,2.0811
2024-10-28,sell,2.08304
2024-11-04,sell,2.14231
2024-11-11,sell,2.61255
2024-11-18,sell,2.42504
2024-11-25,sell,2.13842
2024-12-02,sell,2.48819
2024-12-09,sell,2.67668
2024-12-16,sell,2.32885
2024-12-23,sell,2.00338
2024-12-30,sell,2.09859
2025-01-06,sell,2.19672
2025-01-13,sell,2.19963
2025-01-20,sell,2.1015
2025-01-27,sell,1.77311
2025-02-03,sell,2.24627
2025-02-10,sell,2.1802
2025-02-17,sell,2.34148
2025-02-24,sell,2.22392
2025-03-03,sell,2.07333
2025-03-10,sell,2.24433
2025-03-17,sell,2.17826
2025-03-24,sell,1.95771
2025-03-31,sell,2.02961
2025-04-07,sell,1.91691
2025-04-14,sell,1.83238
2025-04-21,sell,1.74882
2025-04-28,sell,1.69733
2025-05-05,sell,1.62641
2025-05-12,sell,1.87319
2025-05-19,sell,1.83821
2025-05-26,sell,1.82752
2025-06-02,sell,1.81295
2025-06-09,sell,1.81975
2025-06-16,sell,1.83627
2025-06-23,sell,2.17632
2025-06-30,sell,2.06944
2025-07-07,sell,1.78477
2025-07-14,sell,1.96548
2025-07-21,sell,1.76534
2025-07-28,sell,1.74785
2025-08-04,sell,1.5924
2025-08-11,sell,1.58074
2025-08-18,sell,1.67498
2025-08-25,sell,1.56228
2025-09-01,sell,1.62835
2025-09-08,sell,1.68276
2025-09-15,sell,1.72551
2025-09-22,sell,1.55742
2025-09-29,sell,1.28733
2025-10-06,sell,1.37283
2025-10-13,sell,2.53191
2025-10-20,sell,1.99269
2025-10-27,sell,1.71871
2025-11-03,sell,1.59823
2025-11-10,sell,1.50302
2025-11-17,sell,1.54771
2025-11-24,sell,1.62543
2025-12-01,sell,1.35922
2025-12-08,sell,1.34562
2025-12-15,sell,1.41946
2025-12-22,sell,1.26595
2025-12-29,sell,1.19309
2026-01-05,sell,1.367
2026-01-12,sell,1.34271
2026-01-19,sell,1.70025
2026-01-26,sell,2.77772
2026-02-02,sell,4.49643
2026-02-09,sell,5.23094
2026-02-16,sell,2.59701
2026-02-23,sell,2.77966
2026-03-02,sell,2.46876
2026-03-09,sell,1.99852
2026-03-16,sell,1.86833
2026-03-23,sell,1.82849
2026-03-30,sell,1.74785
2026-04-06,sell,1.59532
2026-04-13,sell,1.46124
2026-04-20,sell,1.45444
2026-04-27,sell,1.33493
2026-05-04,sell,1.49816
2026-05-11,sell,1.49913
2026-05-18,sell,1.30967
2026-05-25,sell,1.3806
2026-06-01,sell,1.39517
2026-06-08,sell,1.35922
2026-06-15,sell,1.29801
2026-06-22,sell,1.32619
2026-06-29,sell,1.16977
2026-07-06,sell,1.33493
2026-07-13,sell,1.40294
2026-07-20,sell,1.12896
2026-07-27,sell,1.70608
2026-08-03,sell,1.18823
2026-08-10,sell,1.26984
2026-08-17,sell,1.20766
2026-08-24,sell,1.15131
2026-08-31,sell,1.03083
2026-09-07,sell,1.03666
2026-09-14,sell,0.95796
2026-09-21,sell,0.81709
2026-09-28,sell,1.03278
2015-12-28,up,3.19204
2016-01-04,up,4.3956
2016-01-11,up,6.69806
2016-01-18,up,5.70381
2016-01-25,up,5.4945
2016-02-01,up,4.65724
2016-02-08,up,4.7619
2016-02-15,up,6.17477
2016-02-22,up,7.79696
2016-02-29,up,8.89586
2016-03-07,up,9.05285
2016-03-14,up,6.90737
2016-03-21,up,6.43642
2016-03-28,up,7.48299
2016-04-04,up,9.68079
2016-04-11,up,10.30873
2016-04-18,up,10.62271
2016-04-25,up,9.10518
2016-05-02,up,7.79696
2016-05-09,up,8.0586
2016-05-16,up,10.57038
2016-05-23,up,14.86132
2016-05-30,up,11.19832
2016-06-06,up,14.28571
2016-06-13,up,13.44845
2016-06-20,up,12.24489
2016-06-27,up,7.53532
2016-07-04,up,10.46572
2016-07-11,up,12.61119
2016-07-18,up,6.43642
2016-07-25,up,7.11669
2016-08-01,up,5.59916
2016-08-08,up,7.79696
2016-08-15,up,9.05285
2016-08-22,up,14.75667
2016-08-29,up,15.75091
2016-09-05,up,17.16378
2016-09-12,up,11.45996
2016-09-19,up,16.69283
2016-09-26,up,18.68131
2016-10-03,up,26.00732
2016-10-10,up,25.11773
2016-10-17,up,18.05337
2016-10-24,up,8.0586
2016-10-31,up,8.68655
2016-11-07,up,9.20983
2016-11-14,up,3.71533
2016-11-21,up,3.61067
2016-11-28,up,5.18053
2016-12-05,up,3.45368
2016-12-12,up,3.03506
2016-12-19,up,3.71533
2016-12-26,up,4.29094
2017-01-02,up,3.50601
2017-01-09,up,2.66875
2017-01-16,up,4.60491
2017-01-23,up,3.03506
2017-01-30,up,16.16954
2017-02-06,up,5.1282
2017-02-13,up,4.29094
2017-02-20,up,3.76766
2017-02-27,up,7.16902
2017-03-06,up,8.89586
2017-03-13,up,11.66928
2017-03-20,up,7.95395
2017-03-27,up,6.54107
2017-04-03,up,7.48299
2017-04-10,up,6.5934
2017-04-17,up,9.36682
2017-04-24,up,12.14024
2017-05-01,up,9.5238
2017-05-08,up,9.1575
2017-05-15,up,14.4427
2017-05-22,up,26.63526
2017-05-29,up,37.04866
2017-06-05,up,45.21193
2017-06-12,up,23.44322
2017-06-19,up,12.92517
2017-06-26,up,13.91941
2017-07-03,up,8.84353
2017-07-10,up,20.82679
2017-07-17,up,20.40816
2017-07-24,up,24.48979
2017-07-31,up,20.09419
2017-08-07,up,10.62271
2017-08-14,up,8.11093
2017-08-21,up,8.58189
2017-08-28,up,6.54107
2017-09-04,up,9.99476
2017-09-11,up,11.40763
2017-09-18,up,11.09366
2017-09-25,up,9.57613
2017-10-02,up,8.21559
2017-10-09,up,6.12244
2017-10-16,up,7.01203
2017-10-23,up,7.16902
2017-10-30,up,12.24489
2017-11-06,up,8.73888
2017-11-13,up,6.85504
2017-11-20,up,10.98901
2017-11-27,up,7.84929
2017-12-04,up,5.91313
2017-12-11,up,5.80847
2017-12-18,up,9.41915
2017-12-25,up,8.4249
2018-01-01,up,14.96598
2018-01-08,up,23.6002
2018-01-15,up,24.43746
2018-01-22,up,23.07692
2018-01-29,up,19.30926
2018-02-05,up,12.97749
2018-02-12,up,9.5238
2018-02-19,up,12.55886
2018-02-26,up,11.66928
2018-03-05,up,11.30298
2018-03-12,up,11.93092
2018-03-19,up,15.64625
2018-03-26,up,18.89063
2018-04-02,up,15.07064
2018-04-09,up,6.33176
2018-04-16,up,5.65149
2018-04-23,up,5.70381
2018-04-30,up,6.54107
2018-05-07,up,6.90737
2018-05-14,up,8.21559
2018-05-21,up,5.23286
2018-05-28,up,5.54683
2018-06-04,up,6.69806
2018-06-11,up,7.6923
2018-06-18,up,5.44217
2018-06-25,up,6.85504
2018-07-02,up,9.5238
2018-07-09,up,7.90162
2018-07-16,up,11.77394
2018-07-23,up,13.23914
2018-07-30,up,15.64625
2018-08-06,up,21.0361
2018-08-13,up,29.46101
2018-08-20,up,76.08581
2018-08-27,up,48.03767
2018-09-03,up,55.88697
2018-09-10,up,60.28257
2018-09-17,up,25.69335
2018-09-24,up,24.22815
2018-10-01,up,25.22239
2018-10-08,up,19.04761
2018-10-15,up,18.15803
2018-10-22,up,13.86708
2018-10-29,up,14.49502
2018-11-05,up,12.03558
2018-11-12,up,11.61695
2018-11-19,up,10.25641
2018-11-26,up,9.78545
2018-12-03,up,7.95395
2018-12-10,up,3.55834
2018-12-17,up,5.4945
2018-12-24,up,3.24437
2018-12-31,up,3.50601
2019-01-07,up,3.92464
2019-01-14,up,4.23861
2019-01-21,up,5.02354
2019-01-28,up,3.03506
2019-02-04,up,6.54107
2019-02-11,up,3.663
2019-02-18,up,5.07587
2019-02-25,up,2.1978
2019-03-04,up,2.77341
2019-03-11,up,6.33176
2019-03-18,up,5.1282
2019-03-25,up,9.57613
2019-04-01,up,6.33176
2019-04-08,up,5.18053
2019-04-15,up,4.08163
2019-04-22,up,4.91889
2019-04-29,up,4.91889
2019-05-06,up,4.34327
2019-05-13,up,4.86656
2019-05-20,up,9.41915
2019-05-27,up,11.56462
2019-06-03,up,8.52956
2019-06-10,up,13.76242
2019-06-17,up,12.92517
2019-06-24,up,16.90214
2019-07-01,up,15.9079
2019-07-08,up,16.32653
2019-07-15,up,15.96023
2019-07-22,up,14.96598
2019-07-29,up,16.16954
2019-08-05,up,14.4427
2019-08-12,up,12.19256
2019-08-19,up,11.93092
2019-08-26,up,9.36682
2019-09-02,up,7.84929
2019-09-09,up,9.83778
2019-09-16,up,15.38461
2019-09-23,up,15.1753
2019-09-30,up,18.99529
2019-10-07,up,16.58817
2019-10-14,up,17.94871
2019-10-21,up,25.11773
2019-10-28,up,23.49555
2019-11-04,up,34.06593
2019-11-11,up,26.11198
2019-11-18,up,24.85609
2019-11-25,up,34.27524
2019-12-02,up,36.52537
2019-12-09,up,46.41548
2019-12-16,up,38.09523
2019-12-23,up,16.74515
2019-12-30,up,17.0068
2020-01-06,up,19.78021
2020-01-13,up,20.77446
2020-01-20,up,11.61695
2020-01-27,up,11.61695
2020-02-03,up,15.80324
2020-02-10,up,33.38566
2020-02-17,up,28.57142
2020-02-24,up,19.46624
2020-03-02,up,17.94871
2020-03-09,up,23.91418
2020-03-16,up,32.81004
2020-03-23,up,21.14076
2020-03-30,up,22.39665
2020-04-06,up,12.45421
2020-04-13,up,16.69283
2020-04-20,up,10.98901
2020-04-27,up,10.57038
2020-05-04,up,9.73312
2020-05-11,up,9.20983
2020-05-18,up,9.8901
2020-05-25,up,15.38461
2020-06-01,up,31.34484
2020-06-08,up,38.77551
2020-06-15,up,46.31083
2020-06-22,up,57.7708
2020-06-29,up,67.18995
2020-07-06,up,60.38723
2020-07-13,up,52.1193
2020-07-20,up,55.99162
2020-07-27,up,58.81737
2020-08-03,up,39.35112
2020-08-10,up,38.82783
2020-08-17,up,25.95499
2020-08-24,up,29.87964
2020-08-31,up,30.19361
2020-09-07,up,36.5777
2020-09-14,up,29.14704
2020-09-21,up,26.89691
2020-09-28,up,20.61747
2020-10-05,up,34.43223
2020-10-12,up,41.96755
2020-10-19,up,33.85661
2020-10-26,up,51.0204
2020-11-02,up,50.75876
2020-11-09,up,67.71323
2020-11-16,up,74.30664
2020-11-23,up,74.88226
2020-11-30,up,54.73574
2020-12-07,up,58.39874
2020-12-14,up,46.15384
2020-12-21,up,43.64207
2020-12-28,up,47.14809
2021-01-04,up,36.83935
2021-01-11,up,29.618
2021-01-18,up,30.45525
2021-01-25,up,33.59497
2021-02-01,up,35.42647
2021-02-08,up,32.70538
2021-02-15,up,37.51962
2021-02-22,up,24.85609
2021-03-01,up,30.7169
2021-03-08,up,42.22919
2021-03-15,up,37.36263
2021-03-22,up,36.26373
2021-03-29,up,38.46153
2021-04-05,up,44.16535
2021-04-12,up,39.92673
2021-04-19,up,33.75196
2021-04-26,up,33.75196
2021-05-03,up,27.00156
2021-05-10,up,39.24646
2021-05-17,up,43.95604
2021-05-24,up,44.27001
2021-05-31,up,48.56096
2021-06-07,up,40.29304
2021-06-14,up,37.3103
2021-06-21,up,28.83307
2021-06-28,up,33.22867
2021-07-05,up,34.48456
2021-07-12,up,36.10675
2021-07-19,up,36.2114
2021-07-26,up,37.46729
2021-08-02,up,33.33333
2021-08-09,up,33.22867
2021-08-16,up,46.15384
2021-08-23,up,68.75981
2021-08-30,up,53.27053
2021-09-06,up,53.37519
2021-09-13,up,46.20617
2021-09-20,up,46.04918
2021-09-27,up,48.56096
2021-10-04,up,44.74097
2021-10-11,up,47.09576
2021-10-18,up,47.14809
2021-10-25,up,41.28728
2021-11-01,up,38.4092
2021-11-08,up,36.26373
2021-11-15,up,34.69387
2021-11-22,up,34.95552
2021-11-29,up,33.54264
2021-12-06,up,24.96075
2021-12-13,up,26.53061
2021-12-20,up,23.18158
2021-12-27,up,21.50706
2022-01-03,up,14.12872
2022-01-10,up,17.16378
2022-01-17,up,16.79748
2022-01-24,up,12.87284
2022-01-31,up,12.66352
2022-02-07,up,13.65777
2022-02-14,up,13.60544
2022-02-21,up,14.33804
2022-02-28,up,14.70434
2022-03-07,up,36.26373
2022-03-14,up,43.22344
2022-03-21,up,34.85086
2022-03-28,up,34.64154
2022-04-04,up,30.61224
2022-04-11,up,28.57142
2022-04-18,up,25.69335
2022-04-25,up,27.10622
2022-05-02,up,23.33856
2022-05-09,up,35.32182
2022-05-16,up,36.83935
2022-05-23,up,27.31554
2022-05-30,up,29.93197
2022-06-06,up,23.86185
2022-06-13,up,26.73992
2022-06-20,up,20.19884
2022-06-27,up,14.809
2022-07-04,up,18.52433
2022-07-11,up,20.98377
2022-07-18,up,14.23338
2022-07-25,up,9.83778
2022-08-01,up,9.94243
2022-08-08,up,10.25641
2022-08-15,up,9.1575
2022-08-22,up,12.45421
2022-08-29,up,15.22762
2022-09-05,up,12.14024
2022-09-12,up,17.32077
2022-09-19,up,17.26844
2022-09-26,up,13.50078
2022-10-03,up,12.08791
2022-10-10,up,16.16954
2022-10-17,up,14.28571
2022-10-24,up,17.05913
2022-10-31,up,17.21611
2022-11-07,up,19.67556
2022-11-14,up,14.39037
2022-11-21,up,13.76242
2022-11-28,up,13.44845
2022-12-05,up,13.02982
2022-12-12,up,14.86132
2022-12-19,up,15.48927
2022-12-26,up,8.94819
2023-01-02,up,21.19309
2023-01-09,up,17.84406
2023-01-16,up,15.69858
2023-01-23,up,14.28571
2023-01-30,up,17.94871
2023-02-06,up,22.76295
2023-02-13,up,18.472
2023-02-20,up,11.09366
2023-02-27,up,11.51229
2023-03-06,up,15.69858
2023-03-13,up,21.87336
2023-03-20,up,19.72789
2023-03-27,up,18.15803
2023-04-03,up,20.72213
2023-04-10,up,18.73364
2023-04-17,up,17.58241
2023-04-24,up,23.07692
2023-05-01,up,27.57718
2023-05-08,up,35.42647
2023-05-15,up,37.15332
2023-05-22,up,34.3799
2023-05-29,up,35.32182
2023-06-05,up,39.45578
2023-06-12,up,36.68236
2023-06-19,up,25.69335
2023-06-26,up,24.28048
2023-07-03,up,22.55363
2023-07-10,up,18.52433
2023-07-17,up,40.08372
2023-07-24,up,35.53113
2023-07-31,up,39.87441
2023-08-07,up,31.92046
2023-08-14,up,38.19989
2023-08-21,up,36.00209
2023-08-28,up,44.89795
2023-09-04,up,39.76975
2023-09-11,up,56.72422
2023-09-18,up,47.98534
2023-09-25,up,37.62428
2023-10-02,up,40.86865
2023-10-09,up,39.87441
2023-10-16,up,40.29304
2023-10-23,up,37.72893
2023-10-30,up,31.24018
2023-11-06,up,26.94924
2023-11-13,up,24.22815
2023-11-20,up,18.73364
2023-11-27,up,21.55939
2023-12-04,up,17.53008
2023-12-11,up,14.07639
2023-12-18,up,15.80324
2023-12-25,up,11.66928
2024-01-01,up,13.23914
2024-01-08,up,12.45421
2024-01-15,up,13.50078
2024-01-22,up,15.48927
2024-01-29,up,13.44845
2024-02-05,up,9.99476
2024-02-12,up,10.15175
2024-02-19,up,11.72161
2024-02-26,up,12.97749
2024-03-04,up,14.12872
2024-03-11,up,23.12925
2024-03-18,up,27.00156
2024-03-25,up,32.28676
2024-04-01,up,32.02511
2024-04-08,up,45.10727
2024-04-15,up,38.56619
2024-04-22,up,26.73992
2024-04-29,up,27.57718
2024-05-06,up,29.87964
2024-05-13,up,30.97854
2024-05-20,up,49.9215
2024-05-27,up,49.08424
2024-06-03,up,46.31083
2024-06-10,up,47.09576
2024-06-17,up,71.53322
2024-06-24,up,52.74725
2024-07-01,up,56.98587
2024-07-08,up,77.60334
2024-07-15,up,76.34746
2024-07-22,up,69.91104
2024-07-29,up,59.07901
2024-08-05,up,45.5259
2024-08-12,up,50.75876
2024-08-19,up,62.79434
2024-08-26,up,50.81109
2024-09-02,up,35.53113
2024-09-09,up,36.31606
2024-09-16,up,30.24594
2024-09-23,up,33.54264
2024-09-30,up,18.21036
2024-10-07,up,20.77446
2024-10-14,up,24.85609
2024-10-21,up,17.26844
2024-10-28,up,15.80324
2024-11-04,up,15.1753
2024-11-11,up,12.71585
2024-11-18,up,8.89586
2024-11-25,up,9.47148
2024-12-02,up,9.41915
2024-12-09,up,12.34955
2024-12-16,up,9.78545
2024-12-23,up,6.01779
2024-12-30,up,4.91889
2025-01-06,up,6.17477
2025-01-13,up,5.80847
2025-01-20,up,6.48874
2025-01-27,up,6.75039
2025-02-03,up,6.43642
2025-02-10,up,8.63422
2025-02-17,up,11.51229
2025-02-24,up,13.08215
2025-03-03,up,14.86132
2025-03-10,up,19.25693
2025-03-17,up,22.65829
2025-03-24,up,11.93092
2025-03-31,up,18.36734
2025-04-07,up,11.25065
2025-04-14,up,9.36682
2025-04-21,up,6.54107
2025-04-28,up,7.27367
2025-05-05,up,6.75039
2025-05-12,up,11.09366
2025-05-19,up,10.83202
2025-05-26,up,18.41967
2025-06-02,up,38.67085
2025-06-09,up,54.73574
2025-06-16,up,93.04029
2025-06-23,up,100.0
2025-06-30,up,38.82783
2025-07-07,up,21.0361
2025-07-14,up,11.51229
2025-07-21,up,13.08215
2025-07-28,up,8.0586
2025-08-04,up,10.41339
2025-08-11,up,12.76818
2025-08-18,up,12.14024
2025-08-25,up,11.30298
2025-09-01,up,11.66928
2025-09-08,up,17.05913
2025-09-15,up,18.31501
2025-09-22,up,34.85086
2025-09-29,up,30.50758
2025-10-06,up,27.68184
2025-10-13,up,42.17687
2025-10-20,up,39.19413
2025-10-27,up,23.75719
2025-11-03,up,17.0068
2025-11-10,up,14.02407
2025-11-17,up,17.89638
2025-11-24,up,18.00104
2025-12-01,up,13.60544
2025-12-08,up,10.88435
2025-12-15,up,14.07639
2025-12-22,up,13.71009
2025-12-29,up,11.56462
2026-01-05,up,12.14024
2026-01-12,up,13.60544
2026-01-19,up,14.59968
2026-01-26,up,12.61119
2026-02-02,up,16.22187
2026-02-09,up,8.4249
2026-02-16,up,8.94819
2026-02-23,up,12.61119
2026-03-02,up,7.27367
2026-03-09,up,8.37257
2026-03-16,up,7.84929
2026-03-23,up,6.75039
2026-03-30,up,14.02407
2026-04-06,up,10.98901
2026-04-13,up,9.05285
2026-04-20,up,17.79173
2026-04-27,up,14.70434
2026-05-04,up,17.05913
2026-05-11,up,19.5709
2026-05-18,up,14.75667
2026-05-25,up,13.13448
2026-06-01,up,11.09366
2026-06-08,up,13.60544
2026-06-15,up,13.39612
2026-06-22,up,10.57038
2026-06-29,up,11.93092
2026-07-06,up,9.83778
2026-07-13,up,9.41915
2026-07-20,up,9.57613
2026-07-27,up,14.70434
2026-08-03,up,7.90162
2026-08-10,up,6.48874
2026-08-17,up,7.16902
2026-08-24,up,4.23861
2026-08-31,up,6.12244
2026-09-07,up,9.1575
2026-09-14,up,11.98325
2026-09-21,up,6.75039
2026-09-28,up,6.48874
