date,id,total
2026-10-04,cafe_crash,105051
2026-10-04,cafe_seango,1020087
2026-10-04,cafe_sell,4353102
2026-10-04,cafe_surge,144002
2026-10-04,news_house,808705
2026-10-04,news_policy,864622
2026-10-04,news_rate,96092
2026-10-05,cafe_crash,104970
2026-10-05,cafe_seango,1020243
2026-10-05,cafe_sell,4352957
2026-10-05,cafe_surge,143900
2026-10-05,news_house,808773
2026-10-05,news_policy,864654
2026-10-05,news_rate,96102
2026-10-06,cafe_crash,104977
2026-10-06,cafe_seango,1020446
2026-10-06,cafe_sell,4353198
2026-10-06,cafe_surge,143911
2026-10-06,news_house,809087
2026-10-06,news_policy,864805
2026-10-06,news_rate,96129
2026-10-07,cafe_crash,104980
2026-10-07,cafe_seango,1020172
2026-10-07,cafe_sell,4353407
2026-10-07,cafe_surge,143902
2026-10-07,news_house,809331
2026-10-07,news_policy,864927
2026-10-07,news_rate,96143
