date,total_results
2026-08-19,48966
2026-08-20,48966
2026-08-21,49278
2026-08-22,58230
2026-08-23,45913
2026-08-24,45913
2026-08-25,45928
2026-08-26,45913
2026-08-27,56845
2026-08-28,44631
2026-08-29,44632
2026-08-30,44545
2026-08-31,57033
2026-09-01,46660
2026-09-02,46772
2026-09-03,46661
2026-09-04,56822
2026-09-05,45997
2026-09-06,45996
2026-09-07,45997
2026-09-08,57586
2026-09-09,48958
2026-09-10,48958
2026-09-11,48958
2026-09-12,49706
2026-09-13,28665
2026-09-14,28213
2026-09-15,29771
2026-09-16,33838
2026-09-17,30326
2026-09-18,35627
2026-09-19,25028
2026-09-20,23841
2026-09-21,31230
2026-09-22,27557
2026-09-23,33118
2026-09-24,22491
2026-09-25,23833
2026-09-26,29677
2026-09-27,25083
2026-09-28,27443
2026-09-29,27021
2026-09-30,27094
2026-10-01,25506
2026-10-02,23199
2026-10-03,17074
