month,series_id,value
2013-01,base_rate,2.75
2013-02,base_rate,2.75
2013-03,base_rate,2.75
2013-04,base_rate,2.75
2013-05,base_rate,2.5
2013-06,base_rate,2.5
2013-07,base_rate,2.5
2013-08,base_rate,2.5
2013-09,base_rate,2.5
2013-10,base_rate,2.5
2013-11,base_rate,2.5
2013-12,base_rate,2.5
2014-01,base_rate,2.5
2014-02,base_rate,2.5
2014-03,base_rate,2.5
2014-04,base_rate,2.5
2014-05,base_rate,2.5
2014-06,base_rate,2.5
2014-07,base_rate,2.5
2014-08,base_rate,2.25
2014-09,base_rate,2.25
2014-10,base_rate,2
2014-11,base_rate,2
2014-12,base_rate,2
2015-01,base_rate,2
2015-02,base_rate,2
2015-03,base_rate,1.75
2015-04,base_rate,1.75
2015-05,base_rate,1.75
2015-06,base_rate,1.5
2015-07,base_rate,1.5
2015-08,base_rate,1.5
2015-09,base_rate,1.5
2015-10,base_rate,1.5
2015-11,base_rate,1.5
2015-12,base_rate,1.5
2016-01,base_rate,1.5
2016-02,base_rate,1.5
2016-03,base_rate,1.5
2016-04,base_rate,1.5
2016-05,base_rate,1.5
2016-06,base_rate,1.25
2016-07,base_rate,1.25
2016-08,base_rate,1.25
2016-09,base_rate,1.25
2016-10,base_rate,1.25
2016-11,base_rate,1.25
2016-12,base_rate,1.25
2017-01,base_rate,1.25
2017-02,base_rate,1.25
2017-03,base_rate,1.25
2017-04,base_rate,1.25
2017-05,base_rate,1.25
2017-06,base_rate,1.25
2017-07,base_rate,1.25
2017-08,base_rate,1.25
2017-09,base_rate,1.25
2017-10,base_rate,1.25
2017-11,base_rate,1.5
2017-12,base_rate,1.5
2018-01,base_rate,1.5
2018-02,base_rate,1.5
2018-03,base_rate,1.5
2018-04,base_rate,1.5
2018-05,base_rate,1.5
2018-06,base_rate,1.5
2018-07,base_rate,1.5
2018-08,base_rate,1.5
2018-09,base_rate,1.5
2018-10,base_rate,1.5
2018-11,base_rate,1.75
2018-12,base_rate,1.75
2019-01,base_rate,1.75
2019-02,base_rate,1.75
2019-03,base_rate,1.75
2019-04,base_rate,1.75
2019-05,base_rate,1.75
2019-06,base_rate,1.75
2019-07,base_rate,1.5
2019-08,base_rate,1.5
2019-09,base_rate,1.5
2019-10,base_rate,1.25
2019-11,base_rate,1.25
2019-12,base_rate,1.25
2020-01,base_rate,1.25
2020-02,base_rate,1.25
2020-03,base_rate,0.75
2020-04,base_rate,0.75
2020-05,base_rate,0.5
2020-06,base_rate,0.5
2020-07,base_rate,0.5
2020-08,base_rate,0.5
2020-09,base_rate,0.5
2020-10,base_rate,0.5
2020-11,base_rate,0.5
2020-12,base_rate,0.5
2021-01,base_rate,0.5
2021-02,base_rate,0.5
2021-03,base_rate,0.5
2021-04,base_rate,0.5
2021-05,base_rate,0.5
2021-06,base_rate,0.5
2021-07,base_rate,0.5
2021-08,base_rate,0.75
2021-09,base_rate,0.75
2021-10,base_rate,0.75
2021-11,base_rate,1
2021-12,base_rate,1
2022-01,base_rate,1.25
2022-02,base_rate,1.25
2022-03,base_rate,1.25
2022-04,base_rate,1.5
2022-05,base_rate,1.75
2022-06,base_rate,1.75
2022-07,base_rate,2.25
2022-08,base_rate,2.5
2022-09,base_rate,2.5
2022-10,base_rate,3
2022-11,base_rate,3.25
2022-12,base_rate,3.25
2023-01,base_rate,3.5
2023-02,base_rate,3.5
2023-03,base_rate,3.5
2023-04,base_rate,3.5
2023-05,base_rate,3.5
2023-06,base_rate,3.5
2023-07,base_rate,3.5
2023-08,base_rate,3.5
2023-09,base_rate,3.5
2023-10,base_rate,3.5
2023-11,base_rate,3.5
2023-12,base_rate,3.5
2024-01,base_rate,3.5
2024-02,base_rate,3.5
2024-03,base_rate,3.5
2024-04,base_rate,3.5
2024-05,base_rate,3.5
2024-06,base_rate,3.5
2024-07,base_rate,3.5
2024-08,base_rate,3.5
2024-09,base_rate,3.5
2024-10,base_rate,3.25
2024-11,base_rate,3
2024-12,base_rate,3
2025-01,base_rate,3
2025-02,base_rate,2.75
2025-03,base_rate,2.75
2025-04,base_rate,2.75
2025-05,base_rate,2.5
2025-06,base_rate,2.5
2025-07,base_rate,2.5
2025-08,base_rate,2.5
2025-09,base_rate,2.5
2025-10,base_rate,2.5
2025-11,base_rate,2.5
2025-12,base_rate,2.5
2026-01,base_rate,2.5
2026-02,base_rate,2.5
2026-03,base_rate,2.5
2026-04,base_rate,2.5
2026-05,base_rate,2.5
2026-06,base_rate,2.5
2026-07,base_rate,2.75
2026-08,base_rate,3
2026-09,base_rate,3
2013-01,csi_house,94
2013-02,csi_house,95
2013-03,csi_house,101
2013-04,csi_house,105
2013-05,csi_house,111
2013-06,csi_house,110
2013-07,csi_house,103
2013-08,csi_house,102
2013-09,csi_house,109
2013-10,csi_house,113
2013-11,csi_house,113
2013-12,csi_house,111
2014-01,csi_house,117
2014-02,csi_house,121
2014-03,csi_house,121
2014-04,csi_house,116
2014-05,csi_house,113
2014-06,csi_house,113
2014-07,csi_house,113
2014-08,csi_house,120
2014-09,csi_house,124
2014-10,csi_house,124
2014-11,csi_house,119
2014-12,csi_house,116
2015-01,csi_house,116
2015-02,csi_house,118
2015-03,csi_house,123
2015-04,csi_house,122
2015-05,csi_house,122
2015-06,csi_house,120
2015-07,csi_house,119
2015-08,csi_house,116
2015-09,csi_house,117
2015-10,csi_house,119
2015-11,csi_house,113
2015-12,csi_house,102
2016-01,csi_house,102
2016-02,csi_house,102
2016-03,csi_house,101
2016-04,csi_house,105
2016-05,csi_house,106
2016-06,csi_house,111
2016-07,csi_house,111
2016-08,csi_house,108
2016-09,csi_house,112
2016-10,csi_house,114
2016-11,csi_house,107
2016-12,csi_house,97
2017-01,csi_house,92
2017-02,csi_house,92
2017-03,csi_house,99
2017-04,csi_house,103
2017-05,csi_house,109
2017-06,csi_house,116
2017-07,csi_house,115
2017-08,csi_house,99
2017-09,csi_house,103
2017-10,csi_house,110
2017-11,csi_house,106
2017-12,csi_house,106
2018-01,csi_house,110
2018-02,csi_house,112
2018-03,csi_house,107
2018-04,csi_house,101
2018-05,csi_house,102
2018-06,csi_house,98
2018-07,csi_house,98
2018-08,csi_house,109
2018-09,csi_house,128
2018-10,csi_house,114
2018-11,csi_house,101
2018-12,csi_house,95
2019-01,csi_house,91
2019-02,csi_house,84
2019-03,csi_house,83
2019-04,csi_house,87
2019-05,csi_house,93
2019-06,csi_house,97
2019-07,csi_house,106
2019-08,csi_house,107
2019-09,csi_house,109
2019-10,csi_house,115
2019-11,csi_house,120
2019-12,csi_house,125
2020-01,csi_house,116
2020-02,csi_house,112
2020-03,csi_house,112
2020-04,csi_house,96
2020-05,csi_house,96
2020-06,csi_house,112
2020-07,csi_house,125
2020-08,csi_house,125
2020-09,csi_house,117
2020-10,csi_house,122
2020-11,csi_house,130
2020-12,csi_house,132
2021-01,csi_house,130
2021-02,csi_house,129
2021-03,csi_house,124
2021-04,csi_house,122
2021-05,csi_house,124
2021-06,csi_house,127
2021-07,csi_house,129
2021-08,csi_house,129
2021-09,csi_house,128
2021-10,csi_house,125
2021-11,csi_house,116
2021-12,csi_house,107
2022-01,csi_house,100
2022-02,csi_house,97
2022-03,csi_house,104
2022-04,csi_house,114
2022-05,csi_house,111
2022-06,csi_house,98
2022-07,csi_house,82
2022-08,csi_house,76
2022-09,csi_house,67
2022-10,csi_house,64
2022-11,csi_house,61
2022-12,csi_house,62
2023-01,csi_house,68
2023-02,csi_house,71
2023-03,csi_house,80
2023-04,csi_house,87
2023-05,csi_house,92
2023-06,csi_house,100
2023-07,csi_house,102
2023-08,csi_house,107
2023-09,csi_house,110
2023-10,csi_house,108
2023-11,csi_house,102
2023-12,csi_house,93
2024-01,csi_house,92
2024-02,csi_house,92
2024-03,csi_house,95
2024-04,csi_house,101
2024-05,csi_house,101
2024-06,csi_house,108
2024-07,csi_house,115
2024-08,csi_house,118
2024-09,csi_house,119
2024-10,csi_house,116
2024-11,csi_house,109
2024-12,csi_house,103
2025-01,csi_house,101
2025-02,csi_house,99
2025-03,csi_house,105
2025-04,csi_house,108
2025-05,csi_house,111
2025-06,csi_house,120
2025-07,csi_house,109
2025-08,csi_house,111
2025-09,csi_house,112
2025-10,csi_house,122
2025-11,csi_house,119
2025-12,csi_house,121
2026-01,csi_house,124
2026-02,csi_house,108
2026-03,csi_house,96
2026-04,csi_house,104
2026-05,csi_house,112
2026-06,csi_house,120
2026-07,csi_house,127
2026-08,csi_house,125
2026-09,csi_house,125
2013-01,csi_rate,92
2013-02,csi_rate,90
2013-03,csi_rate,94
2013-04,csi_rate,85
2013-05,csi_rate,84
2013-06,csi_rate,90
2013-07,csi_rate,100
2013-08,csi_rate,98
2013-09,csi_rate,97
2013-10,csi_rate,100
2013-11,csi_rate,100
2013-12,csi_rate,100
2014-01,csi_rate,102
2014-02,csi_rate,102
2014-03,csi_rate,103
2014-04,csi_rate,104
2014-05,csi_rate,102
2014-06,csi_rate,99
2014-07,csi_rate,96
2014-08,csi_rate,89
2014-09,csi_rate,89
2014-10,csi_rate,90
2014-11,csi_rate,94
2014-12,csi_rate,90
2015-01,csi_rate,92
2015-02,csi_rate,92
2015-03,csi_rate,89
2015-04,csi_rate,93
2015-05,csi_rate,94
2015-06,csi_rate,93
2015-07,csi_rate,99
2015-08,csi_rate,104
2015-09,csi_rate,107
2015-10,csi_rate,106
2015-11,csi_rate,114
2015-12,csi_rate,118
2016-01,csi_rate,118
2016-02,csi_rate,102
2016-03,csi_rate,100
2016-04,csi_rate,100
2016-05,csi_rate,98
2016-06,csi_rate,91
2016-07,csi_rate,93
2016-08,csi_rate,96
2016-09,csi_rate,107
2016-10,csi_rate,106
2016-11,csi_rate,112
2016-12,csi_rate,124
2017-01,csi_rate,126
2017-02,csi_rate,123
2017-03,csi_rate,125
2017-04,csi_rate,123
2017-05,csi_rate,117
2017-06,csi_rate,124
2017-07,csi_rate,127
2017-08,csi_rate,122
2017-09,csi_rate,118
2017-10,csi_rate,122
2017-11,csi_rate,130
2017-12,csi_rate,132
2018-01,csi_rate,130
2018-02,csi_rate,128
2018-03,csi_rate,127
2018-04,csi_rate,128
2018-05,csi_rate,128
2018-06,csi_rate,126
2018-07,csi_rate,128
2018-08,csi_rate,125
2018-09,csi_rate,126
2018-10,csi_rate,135
2018-11,csi_rate,130
2018-12,csi_rate,132
2019-01,csi_rate,125
2019-02,csi_rate,120
2019-03,csi_rate,115
2019-04,csi_rate,110
2019-05,csi_rate,109
2019-06,csi_rate,100
2019-07,csi_rate,94
2019-08,csi_rate,85
2019-09,csi_rate,85
2019-10,csi_rate,87
2019-11,csi_rate,86
2019-12,csi_rate,91
2020-01,csi_rate,95
2020-02,csi_rate,92
2020-03,csi_rate,72
2020-04,csi_rate,77
2020-05,csi_rate,82
2020-06,csi_rate,82
2020-07,csi_rate,88
2020-08,csi_rate,90
2020-09,csi_rate,89
2020-10,csi_rate,95
2020-11,csi_rate,97
2020-12,csi_rate,99
2021-01,csi_rate,102
2021-02,csi_rate,104
2021-03,csi_rate,114
2021-04,csi_rate,112
2021-05,csi_rate,118
2021-06,csi_rate,124
2021-07,csi_rate,126
2021-08,csi_rate,126
2021-09,csi_rate,134
2021-10,csi_rate,133
2021-11,csi_rate,138
2021-12,csi_rate,137
2022-01,csi_rate,139
2022-02,csi_rate,139
2022-03,csi_rate,136
2022-04,csi_rate,141
2022-05,csi_rate,146
2022-06,csi_rate,149
2022-07,csi_rate,152
2022-08,csi_rate,149
2022-09,csi_rate,147
2022-10,csi_rate,150
2022-11,csi_rate,151
2022-12,csi_rate,133
2023-01,csi_rate,132
2023-02,csi_rate,113
2023-03,csi_rate,120
2023-04,csi_rate,111
2023-05,csi_rate,114
2023-06,csi_rate,105
2023-07,csi_rate,112
2023-08,csi_rate,118
2023-09,csi_rate,118
2023-10,csi_rate,128
2023-11,csi_rate,119
2023-12,csi_rate,107
2024-01,csi_rate,99
2024-02,csi_rate,100
2024-03,csi_rate,98
2024-04,csi_rate,100
2024-05,csi_rate,104
2024-06,csi_rate,98
2024-07,csi_rate,95
2024-08,csi_rate,93
2024-09,csi_rate,93
2024-10,csi_rate,88
2024-11,csi_rate,93
2024-12,csi_rate,98
2025-01,csi_rate,97
2025-02,csi_rate,99
2025-03,csi_rate,92
2025-04,csi_rate,96
2025-05,csi_rate,93
2025-06,csi_rate,87
2025-07,csi_rate,95
2025-08,csi_rate,95
2025-09,csi_rate,93
2025-10,csi_rate,95
2025-11,csi_rate,98
2025-12,csi_rate,102
2026-01,csi_rate,104
2026-02,csi_rate,105
2026-03,csi_rate,109
2026-04,csi_rate,115
2026-05,csi_rate,114
2026-06,csi_rate,126
2026-07,csi_rate,126
2026-08,csi_rate,125
2026-09,csi_rate,128
2013-01,house_loan,395255.1
2013-02,house_loan,394072.4
2013-03,house_loan,394484.8
2013-04,house_loan,394136.7
2013-05,house_loan,395960.3
2013-06,house_loan,399763.6
2013-07,house_loan,399803.1
2013-08,house_loan,400943.6
2013-09,house_loan,401572.2
2013-10,house_loan,403757.6
2013-11,house_loan,406464
2013-12,house_loan,410177.2
2014-01,house_loan,409978.8
2014-02,house_loan,411749.8
2014-03,house_loan,413961
2014-04,house_loan,417289.4
2014-05,house_loan,419764.5
2014-06,house_loan,423608.4
2014-07,house_loan,427356.9
2014-08,house_loan,432501.5
2014-09,house_loan,436656.4
2014-10,house_loan,442106.6
2014-11,house_loan,447030.3
2014-12,house_loan,452031.3
2015-01,house_loan,453264
2015-02,house_loan,457004.1
2015-03,house_loan,460982.4
2015-04,house_loan,468824
2015-05,house_loan,469218
2015-06,house_loan,457614.5
2015-07,house_loan,458250
2015-08,house_loan,464677.1
2015-09,house_loan,470243
2015-10,house_loan,477560.6
2015-11,house_loan,482916.4
2015-12,house_loan,490826.1
2016-01,house_loan,492905.1
2016-02,house_loan,494445.9
2016-03,house_loan,498294.2
2016-04,house_loan,503768.8
2016-05,house_loan,509365.1
2016-06,house_loan,515249.6
2016-07,house_loan,521200.5
2016-08,house_loan,527287.5
2016-09,house_loan,530809
2016-10,house_loan,536140.4
2016-11,house_loan,542494
2016-12,house_loan,545839.6
2017-01,house_loan,545880.7
2017-02,house_loan,547746
2017-03,house_loan,550692.5
2017-04,house_loan,553204.1
2017-05,house_loan,556528.9
2017-06,house_loan,560141.5
2017-07,house_loan,563446.4
2017-08,house_loan,566589.7
2017-09,house_loan,570079.2
2017-10,house_loan,572997.6
2017-11,house_loan,575798.6
2017-12,house_loan,578312.9
2018-01,house_loan,579043.8
2018-02,house_loan,580343.8
2018-03,house_loan,582425.3
2018-04,house_loan,583927.5
2018-05,house_loan,585568.5
2018-06,house_loan,587738
2018-07,house_loan,589513.1
2018-08,house_loan,592252.2
2018-09,house_loan,594937.4
2018-10,house_loan,597212.9
2018-11,house_loan,601257.3
2018-12,house_loan,604649.7
2019-01,house_loan,605419.6
2019-02,house_loan,606576.5
2019-03,house_loan,608213.2
2019-04,house_loan,610586.6
2019-05,house_loan,612562.8
2019-06,house_loan,615111.6
2019-07,house_loan,618493.9
2019-08,house_loan,622539.1
2019-09,house_loan,625799.4
2019-10,house_loan,630051.4
2019-11,house_loan,633516.6
2019-12,house_loan,634188.1
2020-01,house_loan,634741.5
2020-02,house_loan,635840.3
2020-03,house_loan,640263.3
2020-04,house_loan,645106.4
2020-05,house_loan,647294.6
2020-06,house_loan,649313.4
2020-07,house_loan,651190.3
2020-08,house_loan,656254.2
2020-09,house_loan,662160.8
2020-10,house_loan,668361.3
2020-11,house_loan,674400.5
2020-12,house_loan,680375.9
2021-01,house_loan,684708.7
2021-02,house_loan,691756.9
2021-03,house_loan,697022.5
2021-04,house_loan,698630.1
2021-05,house_loan,700420.4
2021-06,house_loan,703426.2
2021-07,house_loan,709946.7
2021-08,house_loan,716326.9
2021-09,house_loan,722742.2
2021-10,house_loan,728201.2
2021-11,house_loan,732455.5
2021-12,house_loan,735334.6
2022-01,house_loan,737494.1
2022-02,house_loan,738614
2022-03,house_loan,739697.1
2022-04,house_loan,742131.8
2022-05,house_loan,742300.8
2022-06,house_loan,744837.9
2022-07,house_loan,746172.4
2022-08,house_loan,748182.6
2022-09,house_loan,750225.6
2022-10,house_loan,752461.1
2022-11,house_loan,753739.7
2022-12,house_loan,756324.3
2023-01,house_loan,755844.4
2023-02,house_loan,754817.1
2023-03,house_loan,751736.1
2023-04,house_loan,749500.5
2023-05,house_loan,751482.8
2023-06,house_loan,755624.7
2023-07,house_loan,759125.9
2023-08,house_loan,762739.1
2023-09,house_loan,766679.9
2023-10,house_loan,770534.4
2023-11,house_loan,775585.7
2023-12,house_loan,779612
2024-01,house_loan,784794.3
2024-02,house_loan,788624.2
2024-03,house_loan,787987.6
2024-04,house_loan,792429.9
2024-05,house_loan,798380.1
2024-06,house_loan,804343.1
2024-07,house_loan,810784.8
2024-08,house_loan,820126.3
2024-09,house_loan,827323.4
2024-10,house_loan,831805.1
2024-11,house_loan,836970.5
2024-12,house_loan,841799.8
2025-01,house_loan,846188.5
2025-02,house_loan,852752.8
2025-03,house_loan,857843.5
2025-04,house_loan,864071.6
2025-05,house_loan,870220.3
2025-06,house_loan,878107
2025-07,house_loan,883773.7
2025-08,house_loan,889851.1
2025-09,house_loan,893712.1
2025-10,house_loan,897737.4
2025-11,house_loan,901394.6
2025-12,house_loan,904996.2
2026-01,house_loan,907402.2
2026-02,house_loan,912634.1
2026-03,house_loan,915977.6
2026-04,house_loan,921126.3
2026-05,house_loan,923614.2
2026-06,house_loan,926350.9
2026-07,house_loan,929846.3
2013-01,kb_seoul_apt,53.71
2013-02,kb_seoul_apt,53.569
2013-03,kb_seoul_apt,53.432
2013-04,kb_seoul_apt,53.364
2013-05,kb_seoul_apt,53.335
2013-06,kb_seoul_apt,53.224
2013-07,kb_seoul_apt,53.047
2013-08,kb_seoul_apt,52.895
2013-09,kb_seoul_apt,52.868
2013-10,kb_seoul_apt,52.918
2013-11,kb_seoul_apt,52.923
2013-12,kb_seoul_apt,52.922
2014-01,kb_seoul_apt,52.939
2014-02,kb_seoul_apt,53.007
2014-03,kb_seoul_apt,53.131
2014-04,kb_seoul_apt,53.174
2014-05,kb_seoul_apt,53.156
2014-06,kb_seoul_apt,53.104
2014-07,kb_seoul_apt,53.101
2014-08,kb_seoul_apt,53.117
2014-09,kb_seoul_apt,53.281
2014-10,kb_seoul_apt,53.437
2014-11,kb_seoul_apt,53.491
2014-12,kb_seoul_apt,53.499
2015-01,kb_seoul_apt,53.545
2015-02,kb_seoul_apt,53.647
2015-03,kb_seoul_apt,53.902
2015-04,kb_seoul_apt,54.198
2015-05,kb_seoul_apt,54.409
2015-06,kb_seoul_apt,54.678
2015-07,kb_seoul_apt,54.934
2015-08,kb_seoul_apt,55.236
2015-09,kb_seoul_apt,55.641
2015-10,kb_seoul_apt,55.916
2015-11,kb_seoul_apt,56.296
2015-12,kb_seoul_apt,56.474
2016-01,kb_seoul_apt,56.538
2016-02,kb_seoul_apt,56.622
2016-03,kb_seoul_apt,56.662
2016-04,kb_seoul_apt,56.729
2016-05,kb_seoul_apt,56.887
2016-06,kb_seoul_apt,57.114
2016-07,kb_seoul_apt,57.425
2016-08,kb_seoul_apt,57.746
2016-09,kb_seoul_apt,57.998
2016-10,kb_seoul_apt,58.414
2016-11,kb_seoul_apt,58.8
2016-12,kb_seoul_apt,58.858
2017-01,kb_seoul_apt,58.875
2017-02,kb_seoul_apt,58.897
2017-03,kb_seoul_apt,58.956
2017-04,kb_seoul_apt,59.037
2017-05,kb_seoul_apt,59.167
2017-06,kb_seoul_apt,59.672
2017-07,kb_seoul_apt,60.184
2017-08,kb_seoul_apt,60.817
2017-09,kb_seoul_apt,60.907
2017-10,kb_seoul_apt,61.179
2017-11,kb_seoul_apt,61.558
2017-12,kb_seoul_apt,61.965
2018-01,kb_seoul_apt,62.661
2018-02,kb_seoul_apt,63.279
2018-03,kb_seoul_apt,64.072
2018-04,kb_seoul_apt,64.593
2018-05,kb_seoul_apt,64.85
2018-06,kb_seoul_apt,65.102
2018-07,kb_seoul_apt,65.446
2018-08,kb_seoul_apt,66.211
2018-09,kb_seoul_apt,68.75
2018-10,kb_seoul_apt,70.014
2018-11,kb_seoul_apt,70.29
2018-12,kb_seoul_apt,70.367
2019-01,kb_seoul_apt,70.345
2019-02,kb_seoul_apt,70.281
2019-03,kb_seoul_apt,70.162
2019-04,kb_seoul_apt,70.061
2019-05,kb_seoul_apt,70.018
2019-06,kb_seoul_apt,69.965
2019-07,kb_seoul_apt,70.223
2019-08,kb_seoul_apt,70.506
2019-09,kb_seoul_apt,70.822
2019-10,kb_seoul_apt,71.232
2019-11,kb_seoul_apt,71.632
2019-12,kb_seoul_apt,72.399
2020-01,kb_seoul_apt,72.882
2020-02,kb_seoul_apt,73.257
2020-03,kb_seoul_apt,73.793
2020-04,kb_seoul_apt,73.907
2020-05,kb_seoul_apt,73.906
2020-06,kb_seoul_apt,74.289
2020-07,kb_seoul_apt,75.877
2020-08,kb_seoul_apt,77.435
2020-09,kb_seoul_apt,78.981
2020-10,kb_seoul_apt,79.569
2020-11,kb_seoul_apt,80.794
2020-12,kb_seoul_apt,81.857
2021-01,kb_seoul_apt,83.169
2021-02,kb_seoul_apt,84.499
2021-03,kb_seoul_apt,85.625
2021-04,kb_seoul_apt,86.44
2021-05,kb_seoul_apt,87.311
2021-06,kb_seoul_apt,88.76
2021-07,kb_seoul_apt,89.898
2021-08,kb_seoul_apt,91.33
2021-09,kb_seoul_apt,92.876
2021-10,kb_seoul_apt,93.848
2021-11,kb_seoul_apt,94.842
2021-12,kb_seoul_apt,95.279
2022-01,kb_seoul_apt,95.501
2022-02,kb_seoul_apt,95.589
2022-03,kb_seoul_apt,95.641
2022-04,kb_seoul_apt,95.746
2022-05,kb_seoul_apt,95.949
2022-06,kb_seoul_apt,96.077
2022-07,kb_seoul_apt,96.111
2022-08,kb_seoul_apt,95.971
2022-09,kb_seoul_apt,95.785
2022-10,kb_seoul_apt,95.145
2022-11,kb_seoul_apt,93.798
2022-12,kb_seoul_apt,92.454
2023-01,kb_seoul_apt,90.52
2023-02,kb_seoul_apt,89.436
2023-03,kb_seoul_apt,88.389
2023-04,kb_seoul_apt,87.532
2023-05,kb_seoul_apt,86.767
2023-06,kb_seoul_apt,86.52
2023-07,kb_seoul_apt,86.323
2023-08,kb_seoul_apt,86.274
2023-09,kb_seoul_apt,86.503
2023-10,kb_seoul_apt,86.703
2023-11,kb_seoul_apt,86.736
2023-12,kb_seoul_apt,86.644
2024-01,kb_seoul_apt,86.477
2024-02,kb_seoul_apt,86.373
2024-03,kb_seoul_apt,86.245
2024-04,kb_seoul_apt,86.102
2024-05,kb_seoul_apt,86.075
2024-06,kb_seoul_apt,86.182
2024-07,kb_seoul_apt,86.664
2024-08,kb_seoul_apt,87.436
2024-09,kb_seoul_apt,88.199
2024-10,kb_seoul_apt,88.64
2024-11,kb_seoul_apt,88.893
2024-12,kb_seoul_apt,89.107
2025-01,kb_seoul_apt,89.164
2025-02,kb_seoul_apt,89.22
2025-03,kb_seoul_apt,89.797
2025-04,kb_seoul_apt,90.681
2025-05,kb_seoul_apt,91.236
2025-06,kb_seoul_apt,92.539
2025-07,kb_seoul_apt,93.727
2025-08,kb_seoul_apt,94.285
2025-09,kb_seoul_apt,95.055
2025-10,kb_seoul_apt,96.441
2025-11,kb_seoul_apt,98.096
2025-12,kb_seoul_apt,99.138
2026-01,kb_seoul_apt,100
2026-02,kb_seoul_apt,101.336
2026-03,kb_seoul_apt,102.784
2026-04,kb_seoul_apt,103.817
2026-05,kb_seoul_apt,104.68
2026-06,kb_seoul_apt,105.798
2026-07,kb_seoul_apt,106.913
2026-08,kb_seoul_apt,108.134
2026-09,kb_seoul_apt,109.352
2013-01,kb_seoul_apt_jeonse,62.069
2013-02,kb_seoul_apt_jeonse,62.347
2013-03,kb_seoul_apt_jeonse,62.675
2013-04,kb_seoul_apt_jeonse,62.934
2013-05,kb_seoul_apt_jeonse,63.069
2013-06,kb_seoul_apt_jeonse,63.226
2013-07,kb_seoul_apt_jeonse,63.634
2013-08,kb_seoul_apt_jeonse,64.261
2013-09,kb_seoul_apt_jeonse,65.172
2013-10,kb_seoul_apt_jeonse,66.152
2013-11,kb_seoul_apt_jeonse,66.821
2013-12,kb_seoul_apt_jeonse,67.413
2014-01,kb_seoul_apt_jeonse,67.954
2014-02,kb_seoul_apt_jeonse,68.5
2014-03,kb_seoul_apt_jeonse,68.979
2014-04,kb_seoul_apt_jeonse,69.231
2014-05,kb_seoul_apt_jeonse,69.293
2014-06,kb_seoul_apt_jeonse,69.353
2014-07,kb_seoul_apt_jeonse,69.43
2014-08,kb_seoul_apt_jeonse,69.587
2014-09,kb_seoul_apt_jeonse,69.84
2014-10,kb_seoul_apt_jeonse,70.142
2014-11,kb_seoul_apt_jeonse,70.393
2014-12,kb_seoul_apt_jeonse,70.689
2015-01,kb_seoul_apt_jeonse,70.978
2015-02,kb_seoul_apt_jeonse,71.42
2015-03,kb_seoul_apt_jeonse,72.152
2015-04,kb_seoul_apt_jeonse,72.942
2015-05,kb_seoul_apt_jeonse,73.462
2015-06,kb_seoul_apt_jeonse,74.12
2015-07,kb_seoul_apt_jeonse,74.696
2015-08,kb_seoul_apt_jeonse,75.254
2015-09,kb_seoul_apt_jeonse,75.981
2015-10,kb_seoul_apt_jeonse,76.426
2015-11,kb_seoul_apt_jeonse,77.073
2015-12,kb_seoul_apt_jeonse,77.451
2016-01,kb_seoul_apt_jeonse,77.733
2016-02,kb_seoul_apt_jeonse,77.993
2016-03,kb_seoul_apt_jeonse,78.215
2016-04,kb_seoul_apt_jeonse,78.395
2016-05,kb_seoul_apt_jeonse,78.594
2016-06,kb_seoul_apt_jeonse,78.807
2016-07,kb_seoul_apt_jeonse,78.996
2016-08,kb_seoul_apt_jeonse,79.129
2016-09,kb_seoul_apt_jeonse,79.277
2016-10,kb_seoul_apt_jeonse,79.527
2016-11,kb_seoul_apt_jeonse,79.744
2016-12,kb_seoul_apt_jeonse,79.848
2017-01,kb_seoul_apt_jeonse,79.895
2017-02,kb_seoul_apt_jeonse,79.917
2017-03,kb_seoul_apt_jeonse,79.951
2017-04,kb_seoul_apt_jeonse,80.011
2017-05,kb_seoul_apt_jeonse,80.1
2017-06,kb_seoul_apt_jeonse,80.354
2017-07,kb_seoul_apt_jeonse,80.638
2017-08,kb_seoul_apt_jeonse,80.923
2017-09,kb_seoul_apt_jeonse,81.053
2017-10,kb_seoul_apt_jeonse,81.203
2017-11,kb_seoul_apt_jeonse,81.369
2017-12,kb_seoul_apt_jeonse,81.509
2018-01,kb_seoul_apt_jeonse,81.658
2018-02,kb_seoul_apt_jeonse,81.756
2018-03,kb_seoul_apt_jeonse,81.852
2018-04,kb_seoul_apt_jeonse,81.846
2018-05,kb_seoul_apt_jeonse,81.788
2018-06,kb_seoul_apt_jeonse,81.759
2018-07,kb_seoul_apt_jeonse,81.787
2018-08,kb_seoul_apt_jeonse,81.931
2018-09,kb_seoul_apt_jeonse,82.415
2018-10,kb_seoul_apt_jeonse,82.809
2018-11,kb_seoul_apt_jeonse,82.907
2018-12,kb_seoul_apt_jeonse,82.828
2019-01,kb_seoul_apt_jeonse,82.559
2019-02,kb_seoul_apt_jeonse,82.278
2019-03,kb_seoul_apt_jeonse,82.045
2019-04,kb_seoul_apt_jeonse,81.911
2019-05,kb_seoul_apt_jeonse,81.83
2019-06,kb_seoul_apt_jeonse,81.769
2019-07,kb_seoul_apt_jeonse,81.794
2019-08,kb_seoul_apt_jeonse,81.889
2019-09,kb_seoul_apt_jeonse,81.996
2019-10,kb_seoul_apt_jeonse,82.19
2019-11,kb_seoul_apt_jeonse,82.363
2019-12,kb_seoul_apt_jeonse,82.675
2020-01,kb_seoul_apt_jeonse,82.969
2020-02,kb_seoul_apt_jeonse,83.181
2020-03,kb_seoul_apt_jeonse,83.334
2020-04,kb_seoul_apt_jeonse,83.391
2020-05,kb_seoul_apt_jeonse,83.439
2020-06,kb_seoul_apt_jeonse,83.733
2020-07,kb_seoul_apt_jeonse,84.571
2020-08,kb_seoul_apt_jeonse,85.567
2020-09,kb_seoul_apt_jeonse,87.357
2020-10,kb_seoul_apt_jeonse,88.543
2020-11,kb_seoul_apt_jeonse,90.993
2020-12,kb_seoul_apt_jeonse,92.801
2021-01,kb_seoul_apt_jeonse,94.213
2021-02,kb_seoul_apt_jeonse,95.25
2021-03,kb_seoul_apt_jeonse,96.012
2021-04,kb_seoul_apt_jeonse,96.548
2021-05,kb_seoul_apt_jeonse,97.246
2021-06,kb_seoul_apt_jeonse,98.684
2021-07,kb_seoul_apt_jeonse,99.768
2021-08,kb_seoul_apt_jeonse,100.873
2021-09,kb_seoul_apt_jeonse,101.904
2021-10,kb_seoul_apt_jeonse,102.401
2021-11,kb_seoul_apt_jeonse,103.34
2021-12,kb_seoul_apt_jeonse,103.809
2022-01,kb_seoul_apt_jeonse,104.126
2022-02,kb_seoul_apt_jeonse,104.239
2022-03,kb_seoul_apt_jeonse,104.216
2022-04,kb_seoul_apt_jeonse,104.284
2022-05,kb_seoul_apt_jeonse,104.555
2022-06,kb_seoul_apt_jeonse,104.728
2022-07,kb_seoul_apt_jeonse,104.793
2022-08,kb_seoul_apt_jeonse,104.646
2022-09,kb_seoul_apt_jeonse,104.446
2022-10,kb_seoul_apt_jeonse,103.753
2022-11,kb_seoul_apt_jeonse,101.483
2022-12,kb_seoul_apt_jeonse,98.148
2023-01,kb_seoul_apt_jeonse,94.238
2023-02,kb_seoul_apt_jeonse,91.761
2023-03,kb_seoul_apt_jeonse,90.114
2023-04,kb_seoul_apt_jeonse,88.999
2023-05,kb_seoul_apt_jeonse,88.335
2023-06,kb_seoul_apt_jeonse,88.226
2023-07,kb_seoul_apt_jeonse,88.011
2023-08,kb_seoul_apt_jeonse,88.042
2023-09,kb_seoul_apt_jeonse,88.415
2023-10,kb_seoul_apt_jeonse,88.967
2023-11,kb_seoul_apt_jeonse,89.523
2023-12,kb_seoul_apt_jeonse,89.942
2024-01,kb_seoul_apt_jeonse,90.346
2024-02,kb_seoul_apt_jeonse,90.598
2024-03,kb_seoul_apt_jeonse,91.071
2024-04,kb_seoul_apt_jeonse,91.626
2024-05,kb_seoul_apt_jeonse,92.006
2024-06,kb_seoul_apt_jeonse,92.532
2024-07,kb_seoul_apt_jeonse,93.347
2024-08,kb_seoul_apt_jeonse,94.132
2024-09,kb_seoul_apt_jeonse,94.797
2024-10,kb_seoul_apt_jeonse,95.179
2024-11,kb_seoul_apt_jeonse,95.593
2024-12,kb_seoul_apt_jeonse,95.858
2025-01,kb_seoul_apt_jeonse,95.926
2025-02,kb_seoul_apt_jeonse,95.959
2025-03,kb_seoul_apt_jeonse,96.111
2025-04,kb_seoul_apt_jeonse,96.375
2025-05,kb_seoul_apt_jeonse,96.522
2025-06,kb_seoul_apt_jeonse,96.904
2025-07,kb_seoul_apt_jeonse,97.272
2025-08,kb_seoul_apt_jeonse,97.53
2025-09,kb_seoul_apt_jeonse,97.919
2025-10,kb_seoul_apt_jeonse,98.343
2025-11,kb_seoul_apt_jeonse,98.895
2025-12,kb_seoul_apt_jeonse,99.532
2026-01,kb_seoul_apt_jeonse,100
2026-02,kb_seoul_apt_jeonse,100.585
2026-03,kb_seoul_apt_jeonse,101.336
2026-04,kb_seoul_apt_jeonse,102.205
2026-05,kb_seoul_apt_jeonse,103.056
2026-06,kb_seoul_apt_jeonse,104.532
2026-07,kb_seoul_apt_jeonse,105.93
2026-08,kb_seoul_apt_jeonse,107.09
2026-09,kb_seoul_apt_jeonse,108.164
2013-01,ktb3,2.75
2013-02,ktb3,2.7
2013-03,ktb3,2.6
2013-04,ktb3,2.55
2013-05,ktb3,2.59
2013-06,ktb3,2.87
2013-07,ktb3,2.91
2013-08,ktb3,2.94
2013-09,ktb3,2.9
2013-10,ktb3,2.83
2013-11,ktb3,2.936
2013-12,ktb3,2.941
2014-01,ktb3,2.892
2014-02,ktb3,2.854
2014-03,ktb3,2.874
2014-04,ktb3,2.875
2014-05,ktb3,2.838
2014-06,ktb3,2.746
2014-07,ktb3,2.558
2014-08,ktb3,2.54
2014-09,ktb3,2.405
2014-10,ktb3,2.239
2014-11,ktb3,2.138
2014-12,ktb3,2.143
2015-01,ktb3,2.039
2015-02,ktb3,2.024
2015-03,ktb3,1.865
2015-04,ktb3,1.739
2015-05,ktb3,1.875
2015-06,ktb3,1.773
2015-07,ktb3,1.777
2015-08,ktb3,1.735
2015-09,ktb3,1.651
2015-10,ktb3,1.627
2015-11,ktb3,1.752
2015-12,ktb3,1.719
2016-01,ktb3,1.628
2016-02,ktb3,1.474
2016-03,ktb3,1.498
2016-04,ktb3,1.468
2016-05,ktb3,1.455
2016-06,ktb3,1.334
2016-07,ktb3,1.218
2016-08,ktb3,1.238
2016-09,ktb3,1.312
2016-10,ktb3,1.361
2016-11,ktb3,1.609
2016-12,ktb3,1.692
2017-01,ktb3,1.643
2017-02,ktb3,1.665
2017-03,ktb3,1.709
2017-04,ktb3,1.678
2017-05,ktb3,1.69
2017-06,ktb3,1.673
2017-07,ktb3,1.74
2017-08,ktb3,1.78
2017-09,ktb3,1.785
2017-10,ktb3,2.026
2017-11,ktb3,2.15
2017-12,ktb3,2.1
2018-01,ktb3,2.19
2018-02,ktb3,2.277
2018-03,ktb3,2.271
2018-04,ktb3,2.192
2018-05,ktb3,2.25
2018-06,ktb3,2.175
2018-07,ktb3,2.097
2018-08,ktb3,2.019
2018-09,ktb3,1.953
2018-10,ktb3,2.01
2018-11,ktb3,1.94
2018-12,ktb3,1.825
2019-01,ktb3,1.807
2019-02,ktb3,1.802
2019-03,ktb3,1.789
2019-04,ktb3,1.736
2019-05,ktb3,1.679
2019-06,ktb3,1.496
2019-07,ktb3,1.382
2019-08,ktb3,1.164
2019-09,ktb3,1.287
2019-10,ktb3,1.357
2019-11,ktb3,1.492
2019-12,ktb3,1.39
2020-01,ktb3,1.373
2020-02,ktb3,1.253
2020-03,ktb3,1.091
2020-04,ktb3,1.024
2020-05,ktb3,0.878
2020-06,ktb3,0.85
2020-07,ktb3,0.826
2020-08,ktb3,0.829
2020-09,ktb3,0.908
2020-10,ktb3,0.91
2020-11,ktb3,0.965
2020-12,ktb3,0.97
2021-01,ktb3,0.975
2021-02,ktb3,0.995
2021-03,ktb3,1.133
2021-04,ktb3,1.138
2021-05,ktb3,1.134
2021-06,ktb3,1.302
2021-07,ktb3,1.419
2021-08,ktb3,1.411
2021-09,ktb3,1.515
2021-10,ktb3,1.842
2021-11,ktb3,1.953
2021-12,ktb3,1.8
2022-01,ktb3,2.06
2022-02,ktb3,2.285
2022-03,ktb3,2.369
2022-04,ktb3,2.941
2022-05,ktb3,3.019
2022-06,ktb3,3.477
2022-07,ktb3,3.238
2022-08,ktb3,3.247
2022-09,ktb3,3.903
2022-10,ktb3,4.235
2022-11,ktb3,3.895
2022-12,ktb3,3.63
2023-01,ktb3,3.46
2023-02,ktb3,3.47
2023-03,ktb3,3.461
2023-04,ktb3,3.263
2023-05,ktb3,3.33
2023-06,ktb3,3.548
2023-07,ktb3,3.638
2023-08,ktb3,3.727
2023-09,ktb3,3.842
2023-10,ktb3,4.031
2023-11,ktb3,3.771
2023-12,ktb3,3.35
2024-01,ktb3,3.266
2024-02,ktb3,3.351
2024-03,ktb3,3.31
2024-04,ktb3,3.439
2024-05,ktb3,3.432
2024-06,ktb3,3.262
2024-07,ktb3,3.083
2024-08,ktb3,2.924
2024-09,ktb3,2.868
2024-10,ktb3,2.911
2024-11,ktb3,2.858
2024-12,ktb3,2.59
2025-01,ktb3,2.571
2025-02,ktb3,2.611
2025-03,ktb3,2.59
2025-04,ktb3,2.395
2025-05,ktb3,2.331
2025-06,ktb3,2.441
2025-07,ktb3,2.465
2025-08,ktb3,2.427
2025-09,ktb3,2.464
2025-10,ktb3,2.601
2025-11,ktb3,2.88
2025-12,ktb3,3.01
2026-01,ktb3,3.044
2026-02,ktb3,3.167
2026-03,ktb3,3.378
2026-04,ktb3,3.413
2026-05,ktb3,3.682
2026-06,ktb3,3.794
2026-07,ktb3,3.828
2026-08,ktb3,3.788
2026-09,ktb3,3.991
2013-01,mort_rate,4.17
2013-02,mort_rate,4.06
2013-03,mort_rate,3.97
2013-04,mort_rate,3.86
2013-05,mort_rate,3.77
2013-06,mort_rate,3.73
2013-07,mort_rate,3.77
2013-08,mort_rate,3.8
2013-09,mort_rate,3.82
2013-10,mort_rate,3.81
2013-11,mort_rate,3.77
2013-12,mort_rate,3.74
2014-01,mort_rate,3.75
2014-02,mort_rate,3.71
2014-03,mort_rate,3.69
2014-04,mort_rate,3.69
2014-05,mort_rate,3.63
2014-06,mort_rate,3.58
2014-07,mort_rate,3.53
2014-08,mort_rate,3.5
2014-09,mort_rate,3.5
2014-10,mort_rate,3.38
2014-11,mort_rate,3.3
2014-12,mort_rate,3.33
2015-01,mort_rate,3.34
2015-02,mort_rate,3.24
2015-03,mort_rate,2.97
2015-04,mort_rate,2.81
2015-05,mort_rate,3.06
2015-06,mort_rate,3.01
2015-07,mort_rate,2.96
2015-08,mort_rate,2.94
2015-09,mort_rate,2.92
2015-10,mort_rate,2.9
2015-11,mort_rate,3.04
2015-12,mort_rate,3.12
2016-01,mort_rate,3.1
2016-02,mort_rate,2.99
2016-03,mort_rate,2.97
2016-04,mort_rate,2.93
2016-05,mort_rate,2.89
2016-06,mort_rate,2.77
2016-07,mort_rate,2.66
2016-08,mort_rate,2.7
2016-09,mort_rate,2.8
2016-10,mort_rate,2.89
2016-11,mort_rate,3.04
2016-12,mort_rate,3.13
2017-01,mort_rate,3.16
2017-02,mort_rate,3.19
2017-03,mort_rate,3.21
2017-04,mort_rate,3.21
2017-05,mort_rate,3.26
2017-06,mort_rate,3.22
2017-07,mort_rate,3.28
2017-08,mort_rate,3.28
2017-09,mort_rate,3.24
2017-10,mort_rate,3.33
2017-11,mort_rate,3.39
2017-12,mort_rate,3.42
2018-01,mort_rate,3.47
2018-02,mort_rate,3.46
2018-03,mort_rate,3.45
2018-04,mort_rate,3.47
2018-05,mort_rate,3.49
2018-06,mort_rate,3.46
2018-07,mort_rate,3.44
2018-08,mort_rate,3.36
2018-09,mort_rate,3.29
2018-10,mort_rate,3.31
2018-11,mort_rate,3.28
2018-12,mort_rate,3.19
2019-01,mort_rate,3.12
2019-02,mort_rate,3.08
2019-03,mort_rate,3.04
2019-04,mort_rate,2.98
2019-05,mort_rate,2.93
2019-06,mort_rate,2.74
2019-07,mort_rate,2.64
2019-08,mort_rate,2.47
2019-09,mort_rate,2.51
2019-10,mort_rate,2.5
2019-11,mort_rate,2.45
2019-12,mort_rate,2.45
2020-01,mort_rate,2.51
2020-02,mort_rate,2.52
2020-03,mort_rate,2.48
2020-04,mort_rate,2.58
2020-05,mort_rate,2.52
2020-06,mort_rate,2.49
2020-07,mort_rate,2.45
2020-08,mort_rate,2.39
2020-09,mort_rate,2.44
2020-10,mort_rate,2.47
2020-11,mort_rate,2.56
2020-12,mort_rate,2.59
2021-01,mort_rate,2.63
2021-02,mort_rate,2.66
2021-03,mort_rate,2.73
2021-04,mort_rate,2.73
2021-05,mort_rate,2.69
2021-06,mort_rate,2.74
2021-07,mort_rate,2.81
2021-08,mort_rate,2.88
2021-09,mort_rate,3.01
2021-10,mort_rate,3.26
2021-11,mort_rate,3.51
2021-12,mort_rate,3.63
2022-01,mort_rate,3.85
2022-02,mort_rate,3.88
2022-03,mort_rate,3.84
2022-04,mort_rate,3.9
2022-05,mort_rate,3.9
2022-06,mort_rate,4.04
2022-07,mort_rate,4.16
2022-08,mort_rate,4.35
2022-09,mort_rate,4.79
2022-10,mort_rate,4.82
2022-11,mort_rate,4.74
2022-12,mort_rate,4.63
2023-01,mort_rate,4.58
2023-02,mort_rate,4.56
2023-03,mort_rate,4.4
2023-04,mort_rate,4.24
2023-05,mort_rate,4.21
2023-06,mort_rate,4.26
2023-07,mort_rate,4.28
2023-08,mort_rate,4.31
2023-09,mort_rate,4.35
2023-10,mort_rate,4.56
2023-11,mort_rate,4.48
2023-12,mort_rate,4.16
2024-01,mort_rate,3.99
2024-02,mort_rate,3.96
2024-03,mort_rate,3.94
2024-04,mort_rate,3.93
2024-05,mort_rate,3.91
2024-06,mort_rate,3.71
2024-07,mort_rate,3.5
2024-08,mort_rate,3.51
2024-09,mort_rate,3.74
2024-10,mort_rate,4.05
2024-11,mort_rate,4.3
2024-12,mort_rate,4.25
2025-01,mort_rate,4.27
2025-02,mort_rate,4.23
2025-03,mort_rate,4.17
2025-04,mort_rate,3.98
2025-05,mort_rate,3.87
2025-06,mort_rate,3.93
2025-07,mort_rate,3.96
2025-08,mort_rate,3.96
2025-09,mort_rate,3.96
2025-10,mort_rate,3.98
2025-11,mort_rate,4.17
2025-12,mort_rate,4.23
2026-01,mort_rate,4.29
2026-02,mort_rate,4.32
2026-03,mort_rate,4.34
2026-04,mort_rate,4.31
2026-05,mort_rate,4.32
2026-06,mort_rate,4.36
2026-07,mort_rate,4.48
2026-08,mort_rate,4.66
2013-01,permit_gyeonggi,6254
2013-02,permit_gyeonggi,10686
2013-03,permit_gyeonggi,16027
2013-04,permit_gyeonggi,22266
2013-05,permit_gyeonggi,27987
2013-06,permit_gyeonggi,35509
2013-07,permit_gyeonggi,44912
2013-08,permit_gyeonggi,50063
2013-09,permit_gyeonggi,58977
2013-10,permit_gyeonggi,66287
2013-11,permit_gyeonggi,74955
2013-12,permit_gyeonggi,96082
2014-01,permit_gyeonggi,6723
2014-02,permit_gyeonggi,14885
2014-03,permit_gyeonggi,26714
2014-04,permit_gyeonggi,34801
2014-05,permit_gyeonggi,43284
2014-06,permit_gyeonggi,48890
2014-07,permit_gyeonggi,65571
2014-08,permit_gyeonggi,76178
2014-09,permit_gyeonggi,91029
2014-10,permit_gyeonggi,110187
2014-11,permit_gyeonggi,126801
2014-12,permit_gyeonggi,162789
2015-01,permit_gyeonggi,10282
2015-02,permit_gyeonggi,20181
2015-03,permit_gyeonggi,42780
2015-04,permit_gyeonggi,63574
2015-05,permit_gyeonggi,86449
2015-06,permit_gyeonggi,116797
2015-07,permit_gyeonggi,145827
2015-08,permit_gyeonggi,168175
2015-09,permit_gyeonggi,203507
2015-10,permit_gyeonggi,225573
2015-11,permit_gyeonggi,246545
2015-12,permit_gyeonggi,287099
2016-01,permit_gyeonggi,13799
2016-02,permit_gyeonggi,33499
2016-03,permit_gyeonggi,58070
2016-04,permit_gyeonggi,73611
2016-05,permit_gyeonggi,88190
2016-06,permit_gyeonggi,127661
2016-07,permit_gyeonggi,148913
2016-08,permit_gyeonggi,163401
2016-09,permit_gyeonggi,173745
2016-10,permit_gyeonggi,191809
2016-11,permit_gyeonggi,215960
2016-12,permit_gyeonggi,260322
2017-01,permit_gyeonggi,22171
2017-02,permit_gyeonggi,31608
2017-03,permit_gyeonggi,44445
2017-04,permit_gyeonggi,57518
2017-05,permit_gyeonggi,71958
2017-06,permit_gyeonggi,83817
2017-07,permit_gyeonggi,102566
2017-08,permit_gyeonggi,116331
2017-09,permit_gyeonggi,130129
2017-10,permit_gyeonggi,141649
2017-11,permit_gyeonggi,166674
2017-12,permit_gyeonggi,207643
2018-01,permit_gyeonggi,8237
2018-02,permit_gyeonggi,21997
2018-03,permit_gyeonggi,37091
2018-04,permit_gyeonggi,51717
2018-05,permit_gyeonggi,59850
2018-06,permit_gyeonggi,70577
2018-07,permit_gyeonggi,83560
2018-08,permit_gyeonggi,93354
2018-09,permit_gyeonggi,106437
2018-10,permit_gyeonggi,116937
2018-11,permit_gyeonggi,126206
2018-12,permit_gyeonggi,171961
2019-01,permit_gyeonggi,8926
2019-02,permit_gyeonggi,20133
2019-03,permit_gyeonggi,38422
2019-04,permit_gyeonggi,54232
2019-05,permit_gyeonggi,62689
2019-06,permit_gyeonggi,74036
2019-07,permit_gyeonggi,79311
2019-08,permit_gyeonggi,87485
2019-09,permit_gyeonggi,103152
2019-10,permit_gyeonggi,114397
2019-11,permit_gyeonggi,126027
2019-12,permit_gyeonggi,175002
2020-01,permit_gyeonggi,4677
2020-02,permit_gyeonggi,23982
2020-03,permit_gyeonggi,35760
2020-04,permit_gyeonggi,45887
2020-05,permit_gyeonggi,57858
2020-06,permit_gyeonggi,66004
2020-07,permit_gyeonggi,85817
2020-08,permit_gyeonggi,95462
2020-09,permit_gyeonggi,104472
2020-10,permit_gyeonggi,114457
2020-11,permit_gyeonggi,125471
2020-12,permit_gyeonggi,175129
2021-01,permit_gyeonggi,6795
2021-02,permit_gyeonggi,18276
2021-03,permit_gyeonggi,33204
2021-04,permit_gyeonggi,48095
2021-05,permit_gyeonggi,58384
2021-06,permit_gyeonggi,75264
2021-07,permit_gyeonggi,91313
2021-08,permit_gyeonggi,101879
2021-09,permit_gyeonggi,110285
2021-10,permit_gyeonggi,121384
2021-11,permit_gyeonggi,128629
2021-12,permit_gyeonggi,179862
2022-01,permit_gyeonggi,4975
2022-02,permit_gyeonggi,9867
2022-03,permit_gyeonggi,21277
2022-04,permit_gyeonggi,32536
2022-05,permit_gyeonggi,43206
2022-06,permit_gyeonggi,59108
2022-07,permit_gyeonggi,72074
2022-08,permit_gyeonggi,82722
2022-09,permit_gyeonggi,86130
2022-10,permit_gyeonggi,91667
2022-11,permit_gyeonggi,105003
2022-12,permit_gyeonggi,121624
2023-01,permit_gyeonggi,4635
2023-02,permit_gyeonggi,12275
2023-03,permit_gyeonggi,18038
2023-04,permit_gyeonggi,27293
2023-05,permit_gyeonggi,39325
2023-06,permit_gyeonggi,47921
2023-07,permit_gyeonggi,53321
2023-08,permit_gyeonggi,63055
2023-09,permit_gyeonggi,72870
2023-10,permit_gyeonggi,75728
2023-11,permit_gyeonggi,83949
2023-12,permit_gyeonggi,134659
2024-01,permit_gyeonggi,6188
2024-02,permit_gyeonggi,12555
2024-03,permit_gyeonggi,21221
2024-04,permit_gyeonggi,29325
2024-05,permit_gyeonggi,33855
2024-06,permit_gyeonggi,39937
2024-07,permit_gyeonggi,45412
2024-08,permit_gyeonggi,53593
2024-09,permit_gyeonggi,56868
2024-10,permit_gyeonggi,61525
2024-11,permit_gyeonggi,67903
2024-12,permit_gyeonggi,161203
2025-01,permit_gyeonggi,11016
2025-02,permit_gyeonggi,12700
2025-03,permit_gyeonggi,20177
2025-04,permit_gyeonggi,27222
2025-05,permit_gyeonggi,31806
2025-06,permit_gyeonggi,41424
2025-07,permit_gyeonggi,46225
2025-08,permit_gyeonggi,49228
2025-09,permit_gyeonggi,62039
2025-10,permit_gyeonggi,71602
2025-11,permit_gyeonggi,82803
2025-12,permit_gyeonggi,154416
2026-01,permit_gyeonggi,7315
2026-02,permit_gyeonggi,12782
2026-03,permit_gyeonggi,18361
2026-04,permit_gyeonggi,24932
2026-05,permit_gyeonggi,30980
2026-06,permit_gyeonggi,39493
2026-07,permit_gyeonggi,42760
2013-01,permit_seoul,3789
2013-02,permit_seoul,6879
2013-03,permit_seoul,11006
2013-04,permit_seoul,16320
2013-05,permit_seoul,22526
2013-06,permit_seoul,29335
2013-07,permit_seoul,40065
2013-08,permit_seoul,48859
2013-09,permit_seoul,54411
2013-10,permit_seoul,59904
2013-11,permit_seoul,65304
2013-12,permit_seoul,77621
2014-01,permit_seoul,5121
2014-02,permit_seoul,9897
2014-03,permit_seoul,14050
2014-04,permit_seoul,20290
2014-05,permit_seoul,28083
2014-06,permit_seoul,36980
2014-07,permit_seoul,41387
2014-08,permit_seoul,45709
2014-09,permit_seoul,51374
2014-10,permit_seoul,58098
2014-11,permit_seoul,64446
2014-12,permit_seoul,69250
2015-01,permit_seoul,3629
2015-02,permit_seoul,8154
2015-03,permit_seoul,15786
2015-04,permit_seoul,22274
2015-05,permit_seoul,28461
2015-06,permit_seoul,35014
2015-07,permit_seoul,57617
2015-08,permit_seoul,66150
2015-09,permit_seoul,77873
2015-10,permit_seoul,88643
2015-11,permit_seoul,95070
2015-12,permit_seoul,108716
2016-01,permit_seoul,5484
2016-02,permit_seoul,11285
2016-03,permit_seoul,15613
2016-04,permit_seoul,26506
2016-05,permit_seoul,32089
2016-06,permit_seoul,37066
2016-07,permit_seoul,46873
2016-08,permit_seoul,53115
2016-09,permit_seoul,56380
2016-10,permit_seoul,60952
2016-11,permit_seoul,66056
2016-12,permit_seoul,75699
2017-01,permit_seoul,5321
2017-02,permit_seoul,14503
2017-03,permit_seoul,22203
2017-04,permit_seoul,29074
2017-05,permit_seoul,34066
2017-06,permit_seoul,39956
2017-07,permit_seoul,48556
2017-08,permit_seoul,55712
2017-09,permit_seoul,71391
2017-10,permit_seoul,87620
2017-11,permit_seoul,95339
2017-12,permit_seoul,112018
2018-01,permit_seoul,5397
2018-02,permit_seoul,8778
2018-03,permit_seoul,11730
2018-04,permit_seoul,16956
2018-05,permit_seoul,22229
2018-06,permit_seoul,25597
2018-07,permit_seoul,31491
2018-08,permit_seoul,35746
2018-09,permit_seoul,39363
2018-10,permit_seoul,44697
2018-11,permit_seoul,52305
2018-12,permit_seoul,63694
2019-01,permit_seoul,8179
2019-02,permit_seoul,13405
2019-03,permit_seoul,27716
2019-04,permit_seoul,30771
2019-05,permit_seoul,33975
2019-06,permit_seoul,36353
2019-07,permit_seoul,39541
2019-08,permit_seoul,44127
2019-09,permit_seoul,46930
2019-10,permit_seoul,49867
2019-11,permit_seoul,54834
2019-12,permit_seoul,62622
2020-01,permit_seoul,3326
2020-02,permit_seoul,6522
2020-03,permit_seoul,11022
2020-04,permit_seoul,15346
2020-05,permit_seoul,19268
2020-06,permit_seoul,22744
2020-07,permit_seoul,27039
2020-08,permit_seoul,32402
2020-09,permit_seoul,37433
2020-10,permit_seoul,44677
2020-11,permit_seoul,49283
2020-12,permit_seoul,59187
2021-01,permit_seoul,3072
2021-02,permit_seoul,10290
2021-03,permit_seoul,14249
2021-04,permit_seoul,23548
2021-05,permit_seoul,30957
2021-06,permit_seoul,37937
2021-07,permit_seoul,44166
2021-08,permit_seoul,49567
2021-09,permit_seoul,61456
2021-10,permit_seoul,68929
2021-11,permit_seoul,76149
2021-12,permit_seoul,81637
2022-01,permit_seoul,3581
2022-02,permit_seoul,9170
2022-03,permit_seoul,11979
2022-04,permit_seoul,16046
2022-05,permit_seoul,18502
2022-06,permit_seoul,24154
2022-07,permit_seoul,27260
2022-08,permit_seoul,30968
2022-09,permit_seoul,33620
2022-10,permit_seoul,35538
2022-11,permit_seoul,38046
2022-12,permit_seoul,42231
2023-01,permit_seoul,1848
2023-02,permit_seoul,8494
2023-03,permit_seoul,12786
2023-04,permit_seoul,15226
2023-05,permit_seoul,16200
2023-06,permit_seoul,17495
2023-07,permit_seoul,20090
2023-08,permit_seoul,23511
2023-09,permit_seoul,23884
2023-10,permit_seoul,27731
2023-11,permit_seoul,34600
2023-12,permit_seoul,39163
2024-01,permit_seoul,2475
2024-02,permit_seoul,4978
2024-03,permit_seoul,6545
2024-04,permit_seoul,7184
2024-05,permit_seoul,10523
2024-06,permit_seoul,13538
2024-07,permit_seoul,15767
2024-08,permit_seoul,21670
2024-09,permit_seoul,23500
2024-10,permit_seoul,26452
2024-11,permit_seoul,33011
2024-12,permit_seoul,51452
2025-01,permit_seoul,2783
2025-02,permit_seoul,7627
2025-03,permit_seoul,14966
2025-04,permit_seoul,16787
2025-05,permit_seoul,19329
2025-06,permit_seoul,22898
2025-07,permit_seoul,26987
2025-08,permit_seoul,28614
2025-09,permit_seoul,32596
2025-10,permit_seoul,35473
2025-11,permit_seoul,38990
2025-12,permit_seoul,41566
2026-01,permit_seoul,1226
2026-02,permit_seoul,3817
2026-03,permit_seoul,5632
2026-04,permit_seoul,12760
2026-05,permit_seoul,19052
2026-06,permit_seoul,20655
2026-07,permit_seoul,28634
2013-01,unsold_capital,33784
2013-02,unsold_capital,33674
2013-03,unsold_capital,32759
2013-04,unsold_capital,33267
2013-05,unsold_capital,32769
2013-06,unsold_capital,32501
2013-07,unsold_capital,35326
2013-08,unsold_capital,36903
2013-09,unsold_capital,34671
2013-10,unsold_capital,36542
2013-11,unsold_capital,34203
2013-12,unsold_capital,33192
2014-01,unsold_capital,32697
2014-02,unsold_capital,29278
2014-03,unsold_capital,26082
2014-04,unsold_capital,24292
2014-05,unsold_capital,29046
2014-06,unsold_capital,30212
2014-07,unsold_capital,26797
2014-08,unsold_capital,23214
2014-09,unsold_capital,19942
2014-10,unsold_capital,19719
2014-11,unsold_capital,19774
2014-12,unsold_capital,19814
2015-01,unsold_capital,18955
2015-02,unsold_capital,16924
2015-03,unsold_capital,14195
2015-04,unsold_capital,14510
2015-05,unsold_capital,14432
2015-06,unsold_capital,16094
2015-07,unsold_capital,15936
2015-08,unsold_capital,15889
2015-09,unsold_capital,14549
2015-10,unsold_capital,15576
2015-11,unsold_capital,26578
2015-12,unsold_capital,30637
2016-01,unsold_capital,29049
2016-02,unsold_capital,24971
2016-03,unsold_capital,23300
2016-04,unsold_capital,22345
2016-05,unsold_capital,20887
2016-06,unsold_capital,23325
2016-07,unsold_capital,21393
2016-08,unsold_capital,21356
2016-09,unsold_capital,19021
2016-10,unsold_capital,17707
2016-11,unsold_capital,18235
2016-12,unsold_capital,16689
2017-01,unsold_capital,18938
2017-02,unsold_capital,18014
2017-03,unsold_capital,19166
2017-04,unsold_capital,17169
2017-05,unsold_capital,15235
2017-06,unsold_capital,14350
2017-07,unsold_capital,12117
2017-08,unsold_capital,9716
2017-09,unsold_capital,10311
2017-10,unsold_capital,9876
2017-11,unsold_capital,10194
2017-12,unsold_capital,10387
2018-01,unsold_capital,9848
2018-02,unsold_capital,9970
2018-03,unsold_capital,8707
2018-04,unsold_capital,10361
2018-05,unsold_capital,9833
2018-06,unsold_capital,9508
2018-07,unsold_capital,8832
2018-08,unsold_capital,8534
2018-09,unsold_capital,7651
2018-10,unsold_capital,6679
2018-11,unsold_capital,6500
2018-12,unsold_capital,6319
2019-01,unsold_capital,8153
2019-02,unsold_capital,7727
2019-03,unsold_capital,10529
2019-04,unsold_capital,9445
2019-05,unsold_capital,10218
2019-06,unsold_capital,11608
2019-07,unsold_capital,10789
2019-08,unsold_capital,10331
2019-09,unsold_capital,9666
2019-10,unsold_capital,8003
2019-11,unsold_capital,8315
2019-12,unsold_capital,6202
2020-01,unsold_capital,4901
2020-02,unsold_capital,4233
2020-03,unsold_capital,4202
2020-04,unsold_capital,3783
2020-05,unsold_capital,3016
2020-06,unsold_capital,2772
2020-07,unsold_capital,3145
2020-08,unsold_capital,3166
2020-09,unsold_capital,3806
2020-10,unsold_capital,3607
2020-11,unsold_capital,3183
2020-12,unsold_capital,2131
2021-01,unsold_capital,1861
2021-02,unsold_capital,1597
2021-03,unsold_capital,1520
2021-04,unsold_capital,1589
2021-05,unsold_capital,1303
2021-06,unsold_capital,1666
2021-07,unsold_capital,1381
2021-08,unsold_capital,1183
2021-09,unsold_capital,1413
2021-10,unsold_capital,1290
2021-11,unsold_capital,1472
2021-12,unsold_capital,1509
2022-01,unsold_capital,1325
2022-02,unsold_capital,2318
2022-03,unsold_capital,2921
2022-04,unsold_capital,2970
2022-05,unsold_capital,3563
2022-06,unsold_capital,4456
2022-07,unsold_capital,4529
2022-08,unsold_capital,5012
2022-09,unsold_capital,7813
2022-10,unsold_capital,7612
2022-11,unsold_capital,10373
2022-12,unsold_capital,11076
2023-01,unsold_capital,12257
2023-02,unsold_capital,12541
2023-03,unsold_capital,11034
2023-04,unsold_capital,11609
2023-05,unsold_capital,10799
2023-06,unsold_capital,10559
2023-07,unsold_capital,8834
2023-08,unsold_capital,7676
2023-09,unsold_capital,7672
2023-10,unsold_capital,7327
2023-11,unsold_capital,6998
2023-12,unsold_capital,10031
2024-01,unsold_capital,10160
2024-02,unsold_capital,11956
2024-03,unsold_capital,11977
2024-04,unsold_capital,14655
2024-05,unsold_capital,14761
2024-06,unsold_capital,15051
2024-07,unsold_capital,13989
2024-08,unsold_capital,12616
2024-09,unsold_capital,13898
2024-10,unsold_capital,13948
2024-11,unsold_capital,14494
2024-12,unsold_capital,16997
2025-01,unsold_capital,19748
2025-02,unsold_capital,17600
2025-03,unsold_capital,16528
2025-04,unsold_capital,15905
2025-05,unsold_capital,15306
2025-06,unsold_capital,13939
2025-07,unsold_capital,13283
2025-08,unsold_capital,14631
2025-09,unsold_capital,15351
2025-10,unsold_capital,17551
2025-11,unsold_capital,16535
2025-12,unsold_capital,15883
2026-01,unsold_capital,17881
2026-02,unsold_capital,17829
2026-03,unsold_capital,18612
2026-04,unsold_capital,17298
2026-05,unsold_capital,18601
2026-06,unsold_capital,18770
2026-07,unsold_capital,19459
2026-08,unsold_capital,19136
